#otu,P1-1,P1-2,P1-3,P2-1,P2-2,P2-3,P3-1,P3-2,P3-3
739177,1008,705,0,0,1475,3454,2091,0,0
611896,0,1443,1724,2889,0,0,0,0,0
1138441,0,378,0,0,0,1855,0,0,0
2236727,395,416,558,291,470,0,678,602,0
685607,539,668,580,183,485,0,455,0,0
576463,770,666,539,253,0,554,0,0,0
752141,0,558,0,363,225,774,0,0,0
533167,439,829,1133,0,277,268,499,0,0
3251764,531,0,1365,0,0,0,0,0,0
430433,0,600,0,756,0,0,0,0,0
136429,98,0,263,0,240,0,217,502,0
320233,560,1897,831,532,401,1247,838,353,536
688365,0,1232,486,0,0,0,0,0,0
549125,348,1223,629,0,375,178,284,197,0
825187,0,128,394,209,0,0,389,0,0
282043,0,0,0,277,206,0,266,249,0
1132958,0,369,0,471,0,0,342,0,0
552492,337,636,0,0,0,0,0,0,0
831651,0,0,0,0,0,0,0,0,973
1106110,0,964,656,0,0,0,0,0,0
811255,0,940,0,0,644,0,0,0,0
1111051,0,922,0,0,0,0,0,0,0
1941448,0,0,0,0,0,0,0,0,889
371847,0,0,0,0,785,234,411,161,0
562356,0,0,0,0,0,0,783,0,0
181389,0,771,0,0,62,0,0,0,0
656936,643,0,1157,0,0,0,0,0,0
1719557,0,715,0,76,0,0,0,0,0
253290,0,92,362,150,0,0,452,0,153
587834,0,686,650,0,0,0,0,0,0
549321,0,664,0,0,166,0,0,0,56
166005,0,458,656,0,0,0,0,0,0
1102589,0,0,0,0,0,0,0,0,631
254821,0,1045,0,282,0,310,0,0,0
252470,0,288,620,0,0,0,0,186,0
141991,0,0,0,0,174,0,0,89,354
537145,0,884,0,158,0,0,0,0,0
1133172,595,1033,1035,0,0,0,0,0,0
171290,0,0,567,0,0,0,0,0,0
423724,0,0,552,0,0,0,0,0,0
533418,0,0,551,0,0,0,0,0,0
184429,0,1200,0,0,226,291,167,0,0
514619,0,534,0,0,0,0,0,0,0
139193,0,0,520,0,0,0,0,0,0
422049,0,0,0,520,0,0,0,0,0
534160,0,518,0,0,0,0,0,0,0
976397,0,0,0,0,0,0,0,509,0
156625,0,0,0,0,0,0,0,0,751
551566,0,0,487,0,0,0,0,0,0
695106,0,0,486,0,0,0,0,0,0
13146,74,481,0,0,0,0,34,0,0
348411,0,0,0,476,0,0,0,0,0
158400,0,458,0,0,0,0,0,0,0
587390,0,453,0,0,54,0,0,0,122
1111264,0,451,0,0,0,0,0,0,0
568764,0,0,0,0,0,0,0,0,450
165025,206,443,0,0,0,0,0,0,0
1119525,0,0,434,0,0,0,111,0,0
801622,0,0,0,0,0,0,0,0,428
832579,0,0,0,0,0,0,0,0,427
209627,0,0,422,0,174,0,0,0,0
827047,0,415,0,98,250,0,0,0,0
1110503,150,0,290,0,0,264,0,0,0
767109,0,412,0,36,0,0,0,0,0
1701674,0,411,0,0,0,0,0,0,0
344247,204,0,0,0,0,0,405,0,0
437024,0,0,0,0,746,0,0,0,0
1132395,0,0,0,0,0,0,397,0,0
521503,0,392,0,0,0,0,0,0,0
3495416,0,392,0,0,0,0,0,0,0
383277,0,0,383,0,0,0,0,0,0
540478,0,382,0,0,0,0,0,0,0
174936,0,378,0,0,0,0,0,0,0
3200290,0,0,0,378,0,0,0,0,0
542275,0,375,0,0,0,0,0,0,0
332652,0,372,0,0,0,0,0,0,0
614375,0,573,0,0,136,0,0,0,0
137783,0,0,366,0,0,0,0,0,0
3741116,0,0,0,0,0,0,0,0,366
1107581,0,365,0,0,0,0,0,0,0
592197,90,359,0,0,0,0,0,0,0
507004,0,0,347,0,0,0,0,0,0
666112,0,0,0,0,125,0,0,347,0
179318,0,0,0,0,0,0,340,0,0
571294,0,338,103,23,42,0,0,0,0
273372,0,0,0,0,0,334,0,0,0
131959,0,333,0,0,0,0,0,0,0
580056,0,0,0,0,0,328,0,0,0
577685,0,0,51,0,69,327,0,0,0
277684,0,320,0,0,0,0,0,0,0
4292386,0,320,0,0,0,0,0,0,0
206357,0,0,0,0,0,0,0,313,0
535343,0,0,307,0,0,0,0,0,0
161058,0,0,0,0,0,0,301,0,0
591294,0,296,0,0,0,0,137,0,0
1108767,0,294,195,0,0,0,72,0,0
137474,0,94,291,0,83,0,0,0,0
3685324,0,104,281,0,0,0,0,0,0
558595,0,0,0,0,0,0,0,0,280
212998,0,277,0,0,68,0,0,0,0
1110765,0,0,0,0,0,0,0,585,0
248186,0,0,274,0,0,73,0,0,0
510351,0,269,0,0,0,0,0,0,0
3592854,0,0,0,0,0,0,0,268,0
155915,0,267,0,0,0,0,0,0,0
795868,0,0,265,0,217,0,0,0,0
31454,0,260,0,0,0,0,0,0,0
182748,0,0,260,0,0,0,0,0,0
256045,0,0,0,0,0,0,0,0,257
251127,0,255,0,0,0,0,0,0,0
4044941,0,254,192,0,0,0,0,51,0
1144707,0,254,0,0,0,0,0,0,0
137941,0,0,250,0,0,0,0,0,0
824273,0,0,0,0,250,0,0,0,0
564618,0,0,0,0,0,0,0,0,247
575667,0,0,0,0,0,0,0,0,246
1114336,0,0,243,0,0,0,0,0,0
571554,0,0,0,0,0,0,242,0,0
159621,0,0,0,241,0,0,0,0,0
563972,0,0,0,241,0,0,0,0,0
1110171,27,240,0,0,0,0,0,0,0
662377,0,0,0,0,239,0,0,0,0
810690,0,0,0,0,0,0,238,0,0
545008,0,122,0,34,0,0,0,0,237
546198,0,0,0,236,0,0,146,0,0
543722,0,0,234,0,107,0,0,0,0
311119,130,232,0,0,0,0,0,0,0
526723,0,0,93,0,0,0,232,0,0
337205,0,0,230,0,0,0,103,0,0
170252,0,134,0,0,228,0,0,0,0
782951,103,0,226,0,90,58,0,0,0
564115,0,0,0,0,0,0,0,0,226
769393,0,0,0,0,0,0,0,0,224
2289308,0,0,222,0,0,0,0,0,0
1778749,0,0,221,0,0,0,0,0,0
1111247,208,0,0,0,0,142,0,0,0
558754,0,208,0,0,0,0,0,0,0
314185,0,207,0,0,0,0,0,0,0
1121398,0,0,205,0,0,0,0,0,0
193930,0,0,0,0,0,204,0,0,0
657273,0,0,0,0,0,0,204,0,0
789726,0,0,0,0,144,0,204,0,0
444679,0,203,0,0,0,0,0,0,0
975175,198,0,0,0,0,0,0,0,0
304068,0,0,0,0,0,0,197,0,0
816248,0,0,0,0,0,0,0,0,354
1753086,0,0,0,0,0,0,194,164,0
583303,0,192,0,0,0,0,0,0,0
1134854,0,0,0,189,0,0,0,0,0
223216,0,0,188,0,0,0,0,0,0
1108524,0,187,0,0,0,0,0,0,0
515166,0,0,185,0,67,0,108,0,0
26876,0,0,0,0,182,0,0,0,0
167735,0,84,0,0,0,0,0,0,181
3592856,0,0,0,0,0,0,0,180,0
2268584,108,118,0,175,116,0,0,0,0
1097813,0,0,174,0,0,0,0,0,0
4240434,0,0,173,0,0,0,0,0,0
939528,0,0,0,0,0,0,173,0,0
161333,0,0,0,0,0,0,0,0,173
134015,0,0,0,172,145,0,0,0,0
2220978,0,0,141,0,0,0,172,0,0
3220351,0,171,77,0,0,0,0,0,0
155401,0,0,171,0,0,0,0,0,0
746925,0,0,0,0,0,0,170,0,0
894315,0,0,0,0,0,0,0,0,168
547933,0,0,166,0,0,0,0,0,0
1616607,0,164,0,0,0,0,0,0,0
912102,0,164,0,0,0,0,0,0,0
1117326,0,0,164,0,0,0,0,0,0
1107760,0,43,36,0,0,0,0,0,164
1113763,0,0,0,16,88,162,0,0,0
1681818,0,152,160,0,0,0,0,0,0
239262,77,0,85,0,0,0,74,0,0
1116887,0,125,159,0,0,0,0,0,0
1107132,0,0,0,0,159,0,0,0,0
143595,0,158,0,0,0,0,0,69,0
3799437,0,0,0,0,156,0,0,0,0
510341,0,0,88,155,0,0,0,0,0
666180,153,0,0,0,0,0,0,0,0
749336,0,0,153,0,0,0,0,0,0
540668,0,152,0,0,0,0,12,0,0
542998,150,0,0,0,0,0,0,0,0
256904,0,150,0,120,0,129,141,48,0
1106008,0,0,0,0,148,0,0,0,0
1115893,0,0,0,0,0,0,0,0,147
338360,45,146,0,0,0,0,0,0,112
665488,0,146,0,0,0,0,0,0,0
557485,144,92,0,0,0,0,0,0,0
540468,0,0,144,0,0,0,0,0,0
706500,0,143,0,0,0,0,0,0,0
550165,0,0,0,0,0,0,0,0,141
113192,0,0,0,0,0,0,0,0,141
825245,0,0,0,0,0,0,139,0,0
827213,0,137,0,0,0,0,0,0,0
585687,0,0,136,0,124,0,0,0,0
138087,0,0,135,0,0,0,0,0,0
1106903,0,0,0,133,0,0,0,0,0
366542,0,0,0,0,0,0,0,0,133
361994,0,0,0,0,0,0,130,0,0
629073,0,0,0,0,0,0,16,126,0
826227,0,0,0,0,0,0,0,0,126
818655,0,0,124,0,0,0,0,0,0
726077,0,0,124,0,0,0,0,0,0
183133,0,0,0,0,124,0,0,0,0
182626,0,0,0,0,0,0,0,0,124
571690,0,0,0,0,0,123,0,0,0
1118184,0,0,121,0,0,0,0,0,0
570897,0,0,0,121,0,0,0,0,0
347470,0,0,0,121,0,0,0,95,0
218656,0,0,0,121,0,0,0,0,0
431689,0,0,0,0,0,121,0,0,0
547242,120,0,0,0,0,0,0,0,0
333888,120,0,0,0,0,0,0,0,0
578348,0,0,0,117,0,0,0,0,0
164467,0,0,116,0,0,0,0,0,0
191519,0,115,0,0,0,0,0,0,0
764483,100,0,0,0,0,0,0,115,0
1609481,0,0,0,79,114,0,0,0,0
1113479,0,0,0,0,114,0,0,0,0
160134,0,0,102,0,0,88,114,0,0
823071,0,0,0,113,0,0,0,0,0
839103,0,0,0,113,0,0,0,0,35
147965,0,112,0,0,0,0,0,0,0
4134161,0,0,0,0,0,0,112,0,0
134335,0,0,0,111,0,0,0,0,0
325556,0,0,0,0,0,0,0,0,111
553592,0,0,0,0,0,0,0,0,111
558455,0,0,109,0,78,54,0,0,0
114811,0,0,0,109,0,0,0,0,0
630039,0,0,0,107,0,0,0,0,0
169706,0,0,105,0,0,0,0,0,0
4219826,0,0,0,0,0,0,0,105,0
167519,0,103,58,39,55,0,0,0,0
829435,101,0,0,0,0,0,0,0,0
2887956,0,0,0,0,0,0,100,0,0
730394,0,99,0,0,0,0,0,0,0
731384,0,98,0,0,0,0,0,0,0
639286,0,98,0,0,0,0,0,0,0
880304,0,97,0,0,0,0,0,0,0
210232,0,97,0,0,0,0,0,0,0
3314369,0,0,0,95,0,0,0,0,0
1074696,0,94,0,0,0,0,0,0,0
364404,0,0,93,0,0,0,0,0,0
165185,32,70,91,48,68,0,0,0,0
270040,0,0,0,91,0,0,0,0,0
1062089,0,0,0,0,0,0,0,0,88
276408,0,54,33,0,0,0,0,0,0
827888,0,0,0,0,0,0,0,87,0
1108347,0,0,0,0,0,0,86,0,0
312645,0,0,0,0,0,0,0,0,86
1029908,0,0,83,0,0,0,0,0,0
272922,0,0,0,0,82,0,0,0,0
276687,0,0,0,0,0,0,0,0,82
166485,0,81,63,0,46,0,0,0,0
741691,0,81,0,0,0,0,0,0,0
577240,0,79,81,0,0,0,60,0,0
3304901,0,0,0,80,72,0,0,0,0
526696,0,0,79,0,0,0,0,0,0
1105622,0,0,0,0,0,0,0,78,0
512934,0,0,0,0,46,0,77,0,0
328728,0,76,0,0,0,0,0,0,0
547431,0,0,0,0,0,0,0,0,75
1107230,0,59,0,0,0,0,0,0,74
3016490,0,0,73,0,0,0,0,0,0
651830,0,0,0,0,0,0,0,0,71
166372,70,0,0,0,0,0,0,0,0
237767,0,68,0,0,0,0,0,0,0
171914,0,0,0,0,0,0,0,68,0
355875,0,0,67,0,0,0,0,0,0
114639,0,0,0,0,0,0,0,0,67
885942,0,66,0,0,15,0,0,0,0
574540,0,0,0,0,0,0,0,0,66
3010526,0,0,0,0,0,0,65,0,0
333721,0,64,0,0,0,0,0,0,0
1110538,0,0,64,0,0,0,0,0,0
150819,0,0,0,0,0,0,64,0,0
313754,0,0,0,0,0,0,0,0,64
134303,0,0,63,0,0,0,0,0,0
903445,0,0,0,62,0,0,0,0,0
101377,0,0,0,61,0,0,0,0,0
648659,0,0,0,0,0,0,0,61,0
268409,0,0,60,0,0,0,0,0,0
1115864,0,0,0,59,0,0,0,0,0
463862,0,0,0,59,0,0,0,0,0
533502,0,0,0,0,0,0,59,0,0
571157,0,0,0,58,0,0,0,0,0
565133,0,57,0,0,0,0,0,0,0
725661,0,0,57,0,0,0,0,0,0
1117036,0,0,0,0,57,0,0,0,0
576886,0,0,0,0,57,0,0,0,0
787293,0,0,0,0,0,57,0,0,0
2943622,0,0,0,0,0,0,57,0,0
1632426,0,0,56,0,0,0,0,0,0
555453,0,0,0,0,56,38,0,0,0
112010,0,0,0,0,56,0,0,0,0
2780,55,0,0,0,0,0,0,0,0
200080,0,0,55,0,36,0,0,0,0
732931,0,52,0,0,0,0,0,0,0
1115097,0,0,52,0,0,0,0,0,0
981968,0,0,0,0,0,0,0,0,52
511043,0,51,0,0,0,0,0,0,0
544563,48,0,0,0,0,0,35,0,0
2592666,48,0,0,0,0,0,0,0,0
1032887,0,46,0,0,0,0,0,0,0
2901151,0,0,45,0,0,0,0,0,0
2807723,44,0,0,0,33,0,0,0,0
160916,0,42,0,0,0,0,0,0,0
182109,0,0,0,0,0,0,0,42,0
136664,0,0,0,0,0,0,0,0,41
782721,40,0,0,0,0,0,0,0,0
4097171,0,40,0,0,0,0,0,0,0
589995,0,40,0,0,0,0,0,0,0
223862,0,0,0,40,0,0,0,0,0
167417,0,0,0,39,0,0,0,0,0
3656078,0,0,0,0,39,0,0,0,0
262828,0,0,0,0,0,0,0,39,0
2217346,0,0,0,0,0,0,0,0,38
164821,15,0,37,0,0,0,0,0,0
313062,0,0,0,0,0,0,0,37,0
136924,0,36,0,0,0,0,0,0,0
3429463,0,0,0,36,0,0,0,0,0
167277,0,0,0,0,0,0,36,0,0
2998264,0,35,0,0,0,0,0,0,0
550479,0,0,35,0,0,0,0,0,0
258562,0,0,35,0,0,0,0,0,0
2904390,0,0,0,0,0,0,0,0,35
731070,0,0,34,0,0,0,0,0,0
207308,0,0,34,0,0,0,0,0,0
350620,0,0,0,30,0,0,34,0,0
572774,4,0,32,0,0,0,0,0,0
159782,0,0,32,0,0,0,0,0,0
1760957,0,0,0,32,0,0,0,0,0
1115987,0,0,0,0,0,0,0,0,32
174445,31,0,0,0,0,0,0,0,0
258872,0,0,31,0,0,0,0,0,0
557283,0,0,0,0,0,0,0,31,0
1136923,0,30,0,0,0,0,0,0,0
161167,0,30,0,0,0,0,0,0,0
585249,0,0,30,0,0,0,0,0,0
643368,0,0,30,0,0,0,0,0,0
1131525,0,0,0,0,30,0,0,0,0
170215,29,0,0,0,0,0,0,0,0
209831,0,29,0,0,0,0,0,0,0
715380,0,29,0,0,0,0,0,0,0
301284,0,0,29,0,0,0,0,0,0
565674,0,28,0,0,0,0,0,0,0
3076933,0,28,0,0,0,0,0,0,0
3740563,0,28,0,0,0,0,0,0,0
151986,0,0,28,0,5,0,0,0,0
1143299,0,0,28,0,0,0,0,0,0
2290176,0,0,0,0,28,0,0,0,0
153594,0,0,0,13,0,0,28,0,0
204684,0,0,27,0,0,0,0,0,0
605156,0,0,26,0,15,0,0,0,0
4107874,0,0,26,0,21,0,0,0,0
259809,0,25,0,0,0,0,0,0,0
809362,0,0,25,0,0,0,0,0,0
823643,0,0,0,0,25,0,0,0,0
828156,0,0,0,0,0,0,6,0,25
2273915,0,0,0,0,0,0,24,0,0
836228,23,0,0,0,0,0,0,0,0
270614,0,23,0,8,0,0,0,0,0
556667,0,0,20,0,0,0,22,15,0
645693,0,0,0,0,0,0,0,0,22
1609471,0,21,0,0,0,0,0,0,0
556214,0,0,21,0,0,0,0,0,0
81232,0,0,0,0,21,0,0,0,0
636404,0,0,0,0,0,0,21,0,0
2349365,0,0,0,0,0,0,21,0,0
1127121,20,0,0,0,0,0,0,0,0
3251776,0,20,0,0,0,0,0,0,0
3423659,2,20,0,0,0,0,0,0,0
3226205,10,20,0,8,19,0,0,0,20
2202952,0,20,0,0,0,0,0,0,0
3485026,0,0,0,20,0,0,0,0,0
4248319,0,0,0,20,0,0,0,0,0
838330,0,0,0,0,0,0,20,0,0
565514,0,0,19,0,0,0,0,0,0
221340,0,0,0,0,19,0,0,0,0
3164842,0,0,0,0,0,0,19,0,0
327945,0,18,0,0,0,0,0,0,0
11129,0,18,0,0,0,0,0,0,0
1109894,0,0,18,0,0,0,0,0,0
702807,17,0,0,0,0,0,0,0,0
184957,0,17,0,0,0,0,0,0,0
811426,0,0,17,0,0,0,0,0,0
1138314,0,0,17,0,0,0,0,0,0
3624380,0,0,17,0,0,0,0,0,0
270202,0,0,17,0,0,0,0,0,0
2383952,0,0,0,0,17,0,0,0,0
3079222,0,0,0,0,0,0,0,0,17
569251,0,16,0,0,0,0,0,0,0
803668,0,15,0,0,0,0,0,0,0
4136000,0,0,0,15,0,0,0,0,0
2641445,0,0,0,15,0,0,0,0,0
263943,0,0,0,0,15,0,0,0,0
1111823,0,0,0,0,15,0,0,0,0
3396731,0,14,0,0,0,0,0,0,0
548377,0,0,0,14,0,0,0,0,0
542598,0,0,0,0,0,0,0,0,14
161044,0,0,13,0,0,0,0,0,0
824531,0,0,0,13,0,0,0,0,0
264692,0,0,0,13,0,0,0,6,0
361862,0,0,0,13,0,0,0,0,0
558241,0,0,0,0,13,0,0,0,0
584239,0,0,0,0,0,0,13,0,0
542018,0,0,0,0,0,0,13,0,0
1031401,0,0,0,0,0,0,0,0,13
2188457,0,0,0,0,0,0,0,0,13
661598,12,0,0,0,0,0,0,0,0
670611,12,0,0,0,0,0,0,0,0
549372,0,12,0,0,0,0,0,0,0
510838,0,0,12,0,0,0,0,0,0
713190,0,0,12,0,0,0,0,0,0
105158,0,0,12,0,0,0,0,0,0
537575,0,0,0,12,0,0,0,0,0
896802,0,0,0,0,0,0,12,0,0
71233,0,0,0,0,0,0,12,0,0
2161696,0,0,0,0,0,0,12,0,0
1769343,0,0,0,0,0,0,0,0,12
1108984,11,0,0,0,0,0,0,0,0
210067,0,11,0,0,0,0,0,0,0
318510,0,0,0,0,11,0,0,0,0
202089,0,0,0,0,0,0,11,0,0
433739,0,0,0,0,0,0,0,10,0
136806,0,0,0,0,0,0,0,0,10
2000879,9,0,0,0,0,0,0,0,0
536761,0,9,0,0,0,0,0,0,0
553502,0,9,0,0,0,0,0,0,0
190023,0,9,0,0,0,0,0,0,0
1096572,0,0,9,0,0,0,0,0,0
549128,0,0,0,0,9,0,0,0,0
1704554,0,0,0,0,9,0,0,0,0
249994,0,0,8,6,0,0,0,0,0
569338,0,0,8,0,0,0,0,0,0
162638,0,0,0,8,0,0,0,0,0
278363,0,0,0,8,0,0,0,0,0
3571767,0,0,0,0,0,0,8,0,0
1132803,7,0,0,0,0,0,0,0,0
2214073,7,0,0,0,0,0,0,0,0
3025176,0,7,0,0,0,0,0,0,0
711247,0,7,0,0,0,0,0,0,0
745395,0,7,0,0,0,0,0,0,0
151268,0,7,0,0,0,0,0,0,0
93459,0,0,0,0,7,0,0,0,0
249727,0,4,0,0,7,0,0,0,0
3479128,0,0,0,0,0,0,7,0,0
3685330,0,0,0,6,0,0,0,0,0
1075099,0,0,0,6,0,0,0,0,0
288017,0,0,0,0,6,0,0,0,0
247128,0,0,0,0,0,0,0,6,0
740348,5,0,0,0,0,0,0,0,0
782932,0,5,0,0,0,0,0,0,0
273805,0,5,0,0,0,0,0,0,0
3759094,0,5,0,0,0,0,0,0,0
824583,0,0,5,0,0,0,0,0,0
146478,0,0,5,0,0,0,0,0,0
1108359,0,0,0,5,0,0,0,0,0
448625,0,0,0,0,0,0,0,0,5
1745532,0,4,0,0,0,0,0,0,0
2599729,0,4,0,0,0,0,0,0,0
260011,0,4,0,0,0,0,0,0,0
1111008,0,4,0,0,0,0,0,0,0
3328103,0,0,4,0,0,0,0,0,0
3412839,0,0,4,0,0,0,0,0,0
1148014,0,0,0,0,4,0,0,0,0
147271,0,0,0,0,4,0,0,0,0
102183,0,0,0,0,4,0,0,0,0
344556,0,0,0,0,0,0,0,4,0
587743,0,0,0,0,0,0,0,4,0
235795,0,0,0,0,0,0,0,0,4
1631794,3,0,0,0,0,0,0,0,0
3136705,0,3,0,0,0,0,0,0,0
812608,0,3,0,0,0,0,0,0,0
823502,0,0,3,0,0,0,0,0,0
4097115,0,0,3,0,0,0,0,0,0
2573530,0,0,0,3,0,0,0,0,0
3015108,0,0,0,0,3,0,0,0,0
2962876,0,0,0,0,3,0,0,0,0
171789,0,0,0,0,0,0,0,0,3
642096,0,0,0,0,0,0,0,0,3
617118,2,0,0,0,0,0,0,0,0
274239,0,0,0,2,0,0,0,0,0
3845272,0,0,0,0,2,0,0,0,0
803075,0,0,0,0,2,0,0,0,0
553615,0,0,0,0,0,2,0,0,0
2920450,0,0,0,0,0,0,2,0,0
2073916,0,0,0,0,0,0,0,0,2
140588,0,0,0,0,0,0,0,0,2
f63ff58b8a81b393cd63260c38a1c764,166,810,213,232,370,0,0,888,0
4cfab6c15b74addedd1dc31fb297d494,438,308,169,753,274,0,864,240,0
cc5f409e5184384ba7f8e18fa2ec7854,281,831,328,303,0,0,205,511,0
ff5e4bb058715c2c8c735cf95f9f5e0f,0,0,0,0,0,0,25,0,825
7a4e494fdd2f32e0252e261cd0011b40,0,85,33,0,19,0,49,0,922
122857638477afa563c26479c30186b5,121,493,346,0,0,226,0,0,0
bc9b1ec7c4899e3876ce78e47aeee117,0,0,452,0,0,0,0,0,0
93b7e8509138ba28d0377eefb4c3fe40,0,0,406,0,0,0,0,0,0
57345254b517e3239c7de90335919802,0,372,0,0,0,0,0,0,0
b4925fd2e1ed7d20769897b4f27434fe,0,370,146,0,0,0,0,0,0
b15d2e00d133f20e2fb43e35c208d349,0,0,362,0,0,0,0,0,0
2cc2d3fe38463fd095527c5748788ba9,0,0,0,0,0,0,0,0,352
f811fbe0e67d940a23972b86a2b89276,0,331,0,0,0,0,0,0,0
d14a313009c0a034c45c53bc837e4b66,0,330,196,0,0,0,0,0,0
82473ca92bec4a3de368710db2c7c012,0,329,0,0,0,0,0,0,0
1e8866587eec6359a45743b764bbc4d5,326,0,0,93,0,0,0,0,0
5aa65408db8f4a5a5449414e4f0f320c,0,0,0,0,0,0,0,0,325
f3b5eea09ce52bc4d2333672ff416710,0,0,0,0,0,0,0,0,307
b9dc33ce8aca4174b46d2dbdb5b48003,0,301,119,0,190,0,0,30,0
465b35b919cd4a55b8335f8502e019e7,60,292,90,90,157,190,148,65,0
a1a1e6002a37ba32885e3ef6c86348cb,0,288,0,0,0,0,0,0,0
b64d9a0034580be7ea4126a7d7508d2f,0,0,287,0,0,0,0,0,0
87a9306bf322d3068115d9c1d46f97e1,0,0,0,0,0,0,0,0,285
6503a7094342b1c6cfb946dde19746d9,0,0,283,0,0,0,0,0,0
6edc73649b84a1048e2787ced8a4a8f6,135,282,0,0,0,0,0,0,0
4121d62531df2e5fcf2e2f5adf7e93a5,0,0,0,0,276,0,0,0,0
690175541dffac7f36774f3fe822d482,271,0,0,0,0,0,0,0,0
6497c7d4fdce28a2ee2a5f3d7eaa3c24,0,254,0,0,0,0,0,0,0
6c8653fb4fdce4ec6687d707941c1642,0,0,0,0,0,0,126,0,252
b05791f1a54ebc0f5241f4231951debd,0,0,0,0,0,0,0,13,248
b3729a71b29d1a3a89705d30ec327f5e,0,0,0,233,0,0,0,0,0
df44bdcb3956fc62a8229c77f2aa7802,0,226,0,0,138,84,0,0,0
39a2c08c238c4e1728484c114402ef8a,0,0,0,0,0,226,0,0,0
2b394630c827ae71d41b746fcb6b9c38,0,0,0,0,0,0,0,0,220
8779ad724d1bf38141587a2d2f178231,219,180,0,100,217,97,141,62,0
fe84812d72b16afe2a59a8495026d277,0,0,0,0,0,0,0,215,0
35291b912b00f37747bcc347ede1c282,0,0,0,0,0,0,0,0,205
fc6a14791b362ebb7959dc42cdf7c9aa,0,199,0,0,0,0,0,0,0
50e2d2a78c9f395db203b1a7d8b2a6e0,0,0,0,0,0,0,0,193,0
26408c1af1906a8831c933bf79a2ad8e,0,192,0,0,0,0,0,0,34
7d07aae9252d0cd68cf7d12ffbf26b20,0,0,0,0,0,0,191,0,0
ff32ed4ef32eadd384981be83bbdedd7,185,0,0,0,0,0,0,0,0
e08d1ac45a018311cc63ae82e1ce3d9c,0,185,0,0,39,83,0,36,103
fe3faeaa747d83f7dd6ba6507f240b21,0,0,0,179,0,0,0,0,0
274554e3e4f845e2f1dc1c383cc7cca6,0,0,171,0,51,0,0,0,0
5fc94aad12e41e2761973b05f448bcae,0,0,0,170,0,0,0,0,0
7a16e35267d852f1940262cd63ecb91e,0,165,0,0,0,0,0,0,0
fd53605ad4aeb513807e6f329321ea4a,0,0,0,0,0,0,0,0,165
1a6e42baac42c9db4a624c652b69b268,0,0,163,0,0,0,0,0,0
0577cb80e070768ac2ccba4b8d1d4d1f,0,0,0,0,0,0,0,0,158
9c5edb7a6820948f051b02282ba04eb4,0,0,156,0,0,0,0,0,0
4ad5be2f3ff465af621ac431aa4cb117,0,0,156,0,0,0,0,0,0
e165f2e17f7d100980676b1559b2546f,0,154,0,0,0,0,0,0,0
8cc7220cfe965b1936524894297b5180,153,0,0,0,0,0,0,0,0
814d9fa6ddb9c8fd858ec345a5857d52,0,0,153,0,0,0,0,0,0
78ab9236a75445a746ff0c06c32c38fd,0,0,153,0,124,0,122,0,0
f546a8bc4af80f3d89201b319a0b2357,0,0,40,0,0,150,94,0,0
234fa932cbff8fedacf02696e898818c,0,0,0,0,0,0,150,0,0
d0f5c5291cc24b4e324d6a5727916001,0,149,0,0,0,0,0,0,0
01edd66886a699ad420ca0d8db401937,147,0,0,0,0,0,0,0,0
f133db0914cb2fa9bf3e8f4030bc0edd,146,0,0,0,0,0,0,0,0
75cefffe79bd4acb5753bb6fa16b86ee,146,0,0,0,0,0,0,0,0
064122535155d5e9c909b153ed3fdeaa,0,144,0,0,0,0,0,0,0
0a35f3bc52308d3fc0aed34962cbf3ff,107,143,0,0,0,0,0,0,0
c85b99c8c85f535c9474e546d8ea4e36,50,0,142,0,0,0,0,0,0
f308527ec99a90f9618941d919a7d052,0,0,139,0,0,0,0,0,0
0a793eb09dfb6bfb1685b2c0f3b1b513,0,0,0,0,0,0,0,0,139
5518ffcd71650a81600effee13fe985e,0,0,138,43,41,0,96,0,0
031c38943165a3435e1e2f8634ff0fea,0,0,0,0,0,0,0,0,138
7877c48d14620e1d5a98b6d5aa4927b2,0,0,137,0,61,0,0,0,0
4a09405fd900a8121d9c3495a58bc71b,0,0,0,135,0,0,0,0,0
2b1e6aa0cd67f564d0377fe11ccef9fe,0,0,0,0,0,0,135,0,0
caec31a4ad450ca6cdeab4bdef3daee1,3,0,134,0,0,0,0,0,0
e313d4fccffecfd25f3b803512cebe4c,0,0,0,134,0,0,0,0,0
842e4a9c63f45b25385ffb939998a9b9,0,131,0,0,0,0,0,0,0
ec50855dc67446b69f489a6be395f7c6,93,130,0,0,0,0,0,0,0
a986fd62e65bc950bc8a3af3dfcd71ac,129,0,0,0,0,0,0,0,0
29e95832325fc6a286e53ab7aa644d71,0,129,0,0,0,77,0,0,0
9b8622116ac99d98b38667e8bc307015,0,0,129,0,0,0,0,0,0
db8b3416a86aecd0f47a62bbef31b184,0,0,0,129,0,0,0,0,0
a0ba907f90f3a189a87e89793afb6a94,0,127,70,0,0,0,0,60,0
749c319e04d5018e33ea589bb4e5a878,0,127,0,0,0,0,0,0,0
631a1f418f647dfb9a0bffbd2ea35bb1,0,0,127,0,0,0,0,0,0
0c9a336eae5f02465d56633c9a4e30be,0,0,0,0,0,0,0,0,127
13760c0f547454173eba0db1756f6188,0,0,0,0,126,0,0,0,0
e508c71da7bb07df8b0145133d32c14d,0,0,0,0,125,0,0,0,0
c361fe1a09ed05cd0a9125f078f60d99,0,124,0,0,0,0,0,0,0
cefefa3407828c1254f3e2feffdbf083,0,0,0,0,0,0,0,0,121
46afa046acb5327e0bc7ac3207529402,0,0,119,0,0,0,0,0,0
31ebf8827a2d3acec814500cde6c95cf,0,0,0,0,112,0,0,0,0
a88b32dbc407ad6d6c5f0fb5f0575ba6,0,111,0,0,0,0,0,0,0
683788de770cbe64656a773f01f9437a,0,0,111,0,0,0,0,0,0
3d3d796bc02ab2cb72d461de0b59d480,0,0,0,110,0,0,0,0,0
d5cd7d8650b4149097ec7a5f926d2a20,0,0,0,0,110,0,0,0,0
020ab9e7131d30cd88369d14784eccc8,0,109,0,0,0,0,0,0,0
ac7fec89e8a32ed84f7005dce39d8c67,0,108,0,0,0,0,0,0,0
4e3356e6d8cff1bcd33c6417ecedfb93,32,108,0,53,0,0,0,0,0
907afabab307adf87ca451d7c96e96ee,0,36,108,108,66,0,0,0,0
82f92abb26ecd03415d03a921e3ef5c4,0,0,0,0,0,0,0,0,108
1a2163c3709197e8a2dfce3b6a7b81b1,0,107,0,0,0,0,0,0,0
9373f98d59b4709d3cbf708743c4b3cd,0,0,107,0,0,0,0,0,0
93baaf0235bbd623e564597b846d5522,0,0,0,0,0,107,0,0,0
f0d0c46bb3d95985a550eaf8c2913098,0,106,0,0,0,0,0,0,0
43dd82fae50c04c6039f93c7166447f3,0,105,0,0,0,0,0,0,0
e3a720c1b144a0a8b9fb36bee9606b54,0,104,0,0,0,0,0,0,0
387055d53929f110ecdfd714227c1b52,0,0,0,0,0,0,0,104,0
2633cf04ffab5e2695beb08e80792d3b,103,0,0,0,0,0,0,0,0
188c3c35126f9afd6ea410753c463201,0,0,0,0,101,0,0,0,0
a7abaf72cf4da77f06e2553cc12f1272,0,100,0,0,0,0,0,0,0
f926781a488676fb383f9a47ed8bc3e0,0,0,100,0,0,0,0,0,0
4e0a45a82f47bceca628e65ed820e71f,0,0,0,0,0,100,0,0,0
cc5697ddb61dc44780b4db4a55171976,0,0,99,0,0,0,0,0,0
65f95419571e5fb565538cfec1c3dfe1,0,98,0,0,0,0,0,0,0
15b8c0d4dac448b3dd8c194d9c50eecf,0,0,0,0,98,0,0,0,0
5da3e0d8f3c4f0e74af9bf3646fe341b,0,0,0,0,0,0,0,0,98
3940a038bbcd27e48c0431da8933e469,0,0,97,0,0,0,0,0,0
45ec682e4f62392f120d9951b117f43e,0,0,97,0,0,0,0,0,0
3d94598fd0c91d1741ba41032945090c,0,0,0,0,96,0,0,0,0
88e9872124c91568164f89a5afbebed9,0,0,0,0,0,0,0,95,0
a6dfded99f05df3a29e378354977797e,0,0,0,0,0,24,34,0,95
f1758c7c9cb0a42197af40fea4dd6d55,0,0,0,94,0,0,0,0,0
b5e03d79b0181fcd615f901dc9f2c3ae,0,0,0,0,0,94,0,0,0
2870c39f89195ba0e9d33d1b4753b530,93,0,0,0,0,0,0,0,0
2795d84caf1204e8f1dd4954294cebb1,0,92,0,0,0,0,0,0,0
74bc1d61be5276824a0a360eca49f3f4,91,0,0,0,0,0,0,0,0
295b02bfbe86ee7311772ed143323688,0,77,0,0,55,0,0,91,0
40b243cdc5811b87ddbe129d82cb53f5,0,0,90,0,0,0,0,0,0
a4be2c20d39c052b2051394e810e2c2f,0,0,90,0,0,0,12,0,0
d83e412e954b2b93d5d93c518323e38c,0,0,89,0,0,0,0,0,0
cba9a04cf0a659bfd1754807db1d060d,0,0,0,0,0,89,0,0,0
4f7eb10d57d15e50badfb4fb522ea7a5,0,0,0,0,0,0,89,0,0
71253a1a93f78d06f5ddd85030b86379,0,0,0,0,0,0,0,0,89
4608014ec1c40a48246b6be1cec89970,46,0,0,35,85,0,88,0,0
cfce93ca89c1ff715fc51e30bb3d362b,0,0,87,0,15,0,0,0,0
830ba7fc22cfcc133d5a42420a18d0e0,0,0,86,0,0,0,0,0,0
4ebed3ea378f8f5febf5f82e1dde0652,0,85,0,0,0,0,0,0,0
7dcd503c02f8eb3b113fbcaef28dfe6b,0,0,85,31,0,0,0,0,0
25bdf6fa0fb4c13c71c8481807dffe50,0,0,0,84,0,0,0,0,0
f0d96da0b00f4969e8df006f0c03a91e,0,0,0,0,0,84,0,0,0
5bf6ffd7c6e232d3904ba4ac06f848ab,0,0,0,0,0,0,84,0,0
f68fbb5ef1647ac530fae1b7e9c74b31,0,0,0,0,0,0,0,0,83
58c54431def7e9fc93d6f7e2143b5a01,0,0,82,0,0,0,0,0,0
971b5fd34fa38181b83eb1af4f686993,0,0,0,0,82,0,0,0,0
e2b14178469d67f3c2c3b4caede7ac9a,80,0,0,0,0,0,0,0,0
f7c9bc33f26faee7f11a66649452faa4,45,80,65,0,49,0,0,0,0
0195eec3777ee2194e02f00d5437dd17,0,80,15,0,0,0,0,0,0
d6759d90759337daf0895419a242d171,0,0,80,0,0,0,0,0,0
6eec775070a72e00638fd234355b370d,0,0,0,0,80,0,0,0,0
09cfb1ca43f07dc6201545d6db0a508f,0,0,0,0,0,0,0,0,80
d6b98e18d4a544572da85d9059fffdf6,0,79,0,0,0,0,0,0,0
6eaad6bbc805da5f47df63d63041d67d,0,79,0,0,0,0,0,0,0
7c1a94de1455eac332036e0f1ab5f19c,0,2,79,0,0,0,32,0,0
c964d4b9901f1a2c79da67670dd3574c,0,0,0,0,0,0,79,0,0
dc1229455176e9b976a4622c821804e9,0,0,0,0,14,0,0,0,79
a9e848720eb5e6c1df666ba033637c24,0,0,0,78,0,0,0,0,0
2668d7b1ec794dceb55fea6a21533987,0,0,77,0,0,0,0,0,0
66e3902fddf164522bde190c7993a50e,0,76,0,0,0,0,0,0,0
5a4ab28bf07261dfef7ef7835bf514f7,0,0,0,0,76,0,0,0,0
3713942a724d1cc84fbadd0b10da9288,0,0,0,0,0,0,0,0,75
062e4faf3eebfa43d34dd00de7e50c99,0,73,0,0,0,0,0,0,0
1b277ccb181833a74f5b6e2251ac9aaf,0,0,0,73,0,0,0,0,0
b65bb8bb7d35bec45d8121e1d4fb7021,0,0,0,0,0,0,0,0,73
6553b0858ee96d05bb9307c18cc8b977,0,0,0,0,0,0,0,0,73
945f898bb92891c859e1808cbf5646df,0,0,0,0,0,0,0,0,72
4dbff56375dfeedff04fb57d1e44d2a3,0,71,0,0,0,0,38,0,0
a689d0ee2ef1a8bf7d21556a08c99dcd,0,71,0,0,0,0,0,0,0
70d2a988c0578331fa17d818276805d2,0,0,0,0,0,0,0,0,71
1877ac546aaa95d531e75bdf6fef2233,0,0,0,0,0,0,70,0,0
b5d94b1ac067fe5ecc2b222d4c386df7,0,0,0,0,0,0,0,70,0
8bc4708c774fd508d894e773b65574f8,0,0,0,0,0,0,0,0,70
2f09ce5ab4ef74bc9977610abac4587c,0,0,0,0,0,0,0,0,70
5104cda31e914ab83c25bd0e403c3c03,69,0,0,0,0,0,0,0,0
57fdff86f11b0309b288c30f71ffd2cb,69,0,0,0,0,0,0,0,0
869ede7f416863acebab91177efbadea,0,0,0,0,0,0,69,0,0
7f9340255a41f6e183abe096f061b3d5,0,0,0,0,0,0,0,0,69
d342d6d715878bd574abc1517a3749a3,0,0,0,0,0,0,0,0,69
76067ef55ec13e0f810dcbdae370a6ef,0,0,68,0,0,0,0,0,0
da5d38815ac9ec831e0ab577661bfd9e,0,0,0,0,0,0,68,0,0
e5964954e2c0e2740bf1e584a9e731f7,0,0,0,0,0,0,0,68,0
066c12c9c7292f1539b73417a336e66c,67,0,0,0,0,0,0,0,0
9b026a91ac1b8f6dc8bc656a4f21a6ca,0,66,0,0,0,0,0,0,0
451d35eb8fe956c6b7dab73ec7a26b80,0,66,0,0,0,0,0,0,0
378f1e322578b2d4ae4ebf9ae50b2705,0,0,0,0,0,0,66,0,0
774f5abf7157da7fd992080e61c25629,0,0,0,0,0,0,0,0,66
2b7d05c17a641cfbbd2cec1c49391f79,0,0,0,0,0,0,0,0,66
8e4d0121626304807f3d5efbd6d5afa8,65,0,0,0,0,0,0,0,0
a071bacde7bdfb629847ddfb46bab38e,0,65,0,0,38,0,0,0,0
74043e1f42141f876eeb18056728b5d1,0,0,0,64,0,0,0,0,0
2e78cc3272dcb5e492240a8728ae000e,0,0,0,0,0,0,0,64,0
740ff492066e7d3d249bee609f3e0b66,0,0,0,0,0,0,0,0,64
050fb7e239553873da4d1e6e4dde7fee,0,0,63,0,0,0,0,0,0
2727666f9f18fcda7f85347de8087841,0,0,0,0,0,0,63,0,0
d564cce6d23a226f4319190bca93bc35,0,0,0,0,0,0,0,0,63
1f8d049a36f27715a8302b224a266766,0,62,0,0,0,0,0,0,0
377e1aed3602263bcafef1aeff8a25ca,0,0,62,0,0,0,0,0,0
6ccab0877a5045d7b009984f34480e14,0,0,0,62,0,0,0,0,0
383e81262eb5dd288acefea56f47aa17,0,0,0,62,0,0,0,0,0
02b71ac26b83a505b5f3d316b612498b,0,7,8,0,0,0,62,0,0
2008de66218a0a614cf026338a368733,0,0,0,0,0,0,62,0,0
27ece21f40d0725872d93c2769638d0a,0,0,0,0,0,0,0,0,62
583cc6ce8f5838b96f1efa0bce706373,61,0,0,0,0,0,0,0,0
17c1f6f9839dd6354e437a09d2e74f28,0,61,0,0,0,0,0,0,0
edb881b87d2114159a5036cb18d3680d,0,23,61,0,0,0,0,0,0
5c95bc195aa3bcdc4f05bc593b7331e4,0,0,61,0,0,0,0,0,0
e2e93953c171c01fb9934e55941fe3c9,0,0,61,0,0,0,0,0,0
95d9dcb1977211da7b957e052fc38656,0,0,0,0,0,0,0,61,0
608cc563df9841763cef498d476a4490,0,0,0,0,0,0,0,0,61
5936334ede92bb9ffda1958fa10c95a7,0,60,0,0,0,0,0,0,0
15bafa1a85b8be8ec392b51a9cc1a274,0,7,60,0,0,0,0,0,0
78fe3bca6a81dbcf969a635a154af97a,16,29,60,0,0,0,29,0,0
c991cc279777f849562b554f5d82041e,0,0,0,60,0,0,0,0,0
c1f43ef15597cb1cd8adb3483ae2d457,0,0,0,0,0,0,60,0,0
aa3dd10b075dd90b7a9ddc333c6b2a76,0,0,0,0,0,0,0,0,60
a4ffb6cc634d3e9569a78c51dfe28a57,0,0,0,0,0,0,0,0,60
48c9927aa56640a495e7c3b5ebf48526,0,59,0,0,0,0,0,0,0
e91b08cf5605da9c4df9471ccf08792d,33,0,0,47,0,0,59,0,0
75915e46ff7ed7eb7efe3538bcbec1e0,58,0,0,0,0,0,0,0,0
13506328627c5fae3351a9e7720d4549,0,0,58,0,0,0,0,0,0
a2f5b9816b06100d013e24b972be225d,0,0,0,0,58,0,0,0,0
2a9bd960dea6940a2383efd8ada6b125,0,0,0,0,0,0,58,0,0
93ddb78c05948695529f47326f2ee17d,31,57,0,0,0,0,0,0,0
5bf7457e7dce16f06fd1d0459b530a49,0,57,0,0,0,0,0,0,0
194044f2323106e1ad9ad30b01a7732d,0,0,57,0,0,0,0,0,0
7da7131d78bb769d0789bdd7f216440a,0,0,0,57,0,0,0,0,0
608bf42589bffcfabd3b57f63f66a656,0,0,0,0,0,0,0,0,57
de8e17c3b5655889a1f9579cd13a6a62,0,0,0,0,0,0,0,0,57
5ef60a04a47f836561fc1565b432c574,0,0,56,0,44,0,0,0,0
839e34a3aa5657195e31bac010e3f09e,0,0,56,0,0,0,0,0,0
ce52794a46ab4681be6afb2a585f8c87,0,0,0,56,0,0,0,0,0
4ab55b9c0ac8d651c78aa7a61ff53e63,0,0,0,0,0,0,56,0,0
a93f1928013fa1f7b126d3f7854d7d39,0,0,0,0,0,0,0,56,0
18f5e3e131d8e88d3a3680b6c15b3a25,0,0,0,0,0,0,0,56,0
447bc99f0d02615aab4cdb994ec55453,0,55,0,0,0,0,0,0,0
12de4e53ea22566a392e9c641ef6234d,0,55,0,0,0,0,0,0,0
cd8ff2d0c1eaa3cea9dc14b3b802693e,0,0,0,0,0,0,0,0,55
c37241e0f201f4bcb1d41d2862da9914,0,54,0,0,0,0,0,0,0
f991e4df60638a3ed7f3ca3913cad0d0,0,0,0,0,0,0,0,0,54
8b80162713bf109ab4d41d68937b7b86,53,0,0,0,0,0,0,0,0
a0891bdbcf8bf3d0c586b070ce90997d,0,0,0,53,0,0,0,0,0
4ec57321939a6154797bc8dff973a35e,0,0,0,0,0,0,0,0,53
5a2d27fcc208417aba8088fae9f36672,0,0,0,0,0,0,0,0,53
b5eac1a89f4e71b14c6d47f7c473a20b,0,52,0,0,5,0,0,0,0
8e77dc436d79ab6ccf8b5ce51adef5a2,0,52,0,0,0,0,0,0,0
122770eac3784c7806fbca0c1c1e13ef,0,0,52,0,30,0,0,0,0
78fe012b750a28ea995aededc57d4b60,0,0,0,52,0,0,0,0,0
c4a171d2a28f07aabbc164b389f07b2b,0,0,0,0,0,0,52,0,0
0566ea24aec32e55c955e24931bd5873,0,0,0,0,0,0,0,52,0
8b644ac0ab17b9af30c7704cbc8d731c,0,0,0,0,0,0,0,0,52
78b41796090cfe87943a7104a5324535,51,0,0,0,0,0,0,0,0
7648cdbf97a21fc884782dabb54b2bfa,0,51,34,0,0,0,0,0,0
fd5ac17880f61c7dc746e48083beb867,0,51,0,0,0,0,0,0,0
50ca0fb4a22b1b40d445ff0bbb30e602,0,51,41,0,26,0,0,0,3
d48cc5352118bb63890f63942e9ca375,0,0,0,0,0,0,0,0,51
89fa332923a02233c0df1079a2d9469b,0,50,0,0,0,0,0,0,0
a360906c84d26dfdbcf74b4c9f6d292a,0,0,50,0,0,0,0,0,0
a76ae83afe5ee94fb8ef996b6ce2c243,0,0,50,0,0,0,0,0,0
8b03661d668987e1620b9036e9666142,0,0,0,0,50,0,0,0,0
912ddec5c35df977538b54e62f21be22,0,0,0,0,50,0,0,0,0
f23a00954e60a1c739c78c7ee46d6cce,0,0,49,0,0,0,0,0,0
1b8982227b8ecb8ed6bdbf1f24113161,0,0,0,0,0,0,49,0,0
ec50224afa4bd0e2e90a622329b56610,0,0,0,0,0,0,49,0,0
59e2fb8a7c6ccbfd6e2e83a12cf7d795,0,0,0,0,0,0,49,0,0
0c05c6f51b425bbc2da8e5a88eeb8933,0,0,48,0,0,0,0,0,0
36982b80fe8144d40025da19431a4966,0,0,0,48,0,0,0,0,0
5ab491cef869fe2940e1fe03a8f0f84e,0,0,0,0,0,0,0,0,48
952032926748028394ea777cd8ae5b74,0,0,47,0,0,0,0,0,0
dbdfe39831f3a651434c6223b3da2f28,0,0,47,0,0,0,0,0,0
d1d995ebf3dc208341dad20dc4bfae47,0,0,0,0,0,0,0,47,0
3cc78b684e6a31b9a43194897bad272f,0,0,46,0,0,0,0,0,0
5a53cc3af2e4149bb1978bc9b7d2536d,0,0,0,46,0,0,0,0,0
dc8681d03c68e4040051059baf316ecc,0,0,0,0,46,0,0,0,0
6e365c8eff304154555a423dc2d963e3,0,0,0,0,0,0,0,46,0
976b42ead5c0f51c23f265d6808405ae,0,0,0,0,0,0,0,0,46
301a5358a07b480bb8cb136c615f04ec,0,0,0,0,0,0,0,0,46
fc227d93ff6ab2fbf99f8c5f9d4d112f,0,45,0,0,0,0,0,0,0
6119cc47849fc1bea0c7c1060dd5b85c,0,0,45,0,0,0,0,0,0
87a56b6360a77478a8b4d24c042fdb32,0,0,0,0,45,0,0,0,0
1fdadd1a4cbabf2f49d9f6cd2960f599,0,0,0,0,45,0,0,0,0
6419f1c280008290389884c0b792a824,0,44,0,0,0,0,0,0,0
22467b1011d334341a9474668bf45815,0,0,44,0,0,0,0,0,0
bed85b83cb3834a664d852fc05db3be6,0,0,0,0,0,44,0,0,0
02478273d93eb7617dfbd6f6c469a36c,0,0,0,0,0,0,44,0,0
48a477077254b3c7421f313e976d7ebb,0,0,0,0,0,0,0,0,44
d05447fcb18018e200a63da979f2f264,5,43,26,0,0,0,0,0,0
5d7bd629b1e3990867a1118034559593,0,43,0,0,0,0,0,0,0
838551e757ecccd08d75676004caede3,0,0,43,0,0,0,0,0,0
11319a3802246d6efc684df4ef8edd87,0,0,0,0,43,0,0,0,0
ca0f2a890c518aec252b6e6bc1bbd22a,0,35,0,0,0,0,43,5,0
20a9c45aa629bbffcb32228c35457bb9,42,0,0,0,0,0,0,0,0
9ae551c25bf46645ad8c62db8859914b,0,0,0,42,0,0,0,0,0
0e90d42415320f26b2d5e2fb17f975ad,0,0,0,0,0,42,0,0,0
e667a993f7578bef18f806b8b8da2a0a,0,0,0,0,0,0,42,0,0
f3762a6029a2ed22bbd8d3e896b9e0e0,0,0,0,0,0,0,0,0,42
9c08dc52c9bb8efca32c71b58c3c17ee,0,41,0,0,0,0,0,0,0
aab041c2aa8db7398c289d24a5a6bea6,0,0,0,41,0,0,0,0,0
807b1d543833346327ded8d0e92b9747,0,0,0,0,0,0,6,0,41
bea493af87ba6a940f780b8878da8f08,0,0,40,0,0,0,0,0,0
718a5759eebae6d2c2f94369e6d5e67b,0,0,40,0,0,0,0,0,0
4cac88fadaef7a00c9336721540973ee,0,0,0,0,0,40,0,0,0
e8ebe36fc276daa8dea3d7ea0ebc8b67,0,0,0,0,0,0,0,0,40
cf142db38740ebf3bc5f52851b4f9785,0,39,0,0,0,0,0,0,0
c1ce1346eca28d538d220ed2985127d2,34,0,39,0,0,0,0,21,0
2c4133a3a80ba1430f9d1125e864b74d,0,0,39,0,0,0,0,0,0
e3ae67cf03a331814df9f18edecda3fd,0,0,0,39,0,0,0,0,0
3dd0be998de338d31ec6769ee89f7dd0,38,0,0,0,0,0,0,0,0
e70e2ca790dd99e99bda3fc8b4920d28,38,0,0,16,0,0,0,0,0
8adb6476a2a8898bf450e309cdc7b7e1,0,38,0,0,0,0,0,0,0
b6aea1eeaeb882cc8d825267216043c6,0,38,0,0,0,0,0,0,0
0be5a4f2884a421136dacd31604ed9ab,0,0,38,0,0,0,0,0,0
c2ff094974afdc5c752a9c4188578fbf,0,0,0,0,38,0,0,0,0
a3a4209448c06e8be56361c066f3dd14,0,0,0,0,0,0,0,0,38
6b97dc53d3f37f8cee7080bfb508dbb2,0,0,0,0,0,0,0,0,38
db4fbd8ec8c790e52a547514681875f2,37,0,0,0,0,0,0,0,0
516e4e7f004b4aac3869e95a4a8370e1,0,37,0,0,0,0,0,0,0
9e9c218aae9b62fa07b23e4bf59d809d,0,37,0,0,0,0,0,0,0
5d41d58f385d888e81c8dcabdb1fd1aa,0,0,37,0,0,0,0,0,0
6e65dcaaa3bd47e580a678994b6f0e58,0,0,37,0,0,0,0,0,0
4cd645f41277cddea0597b09ee87fa63,0,0,37,0,0,0,0,0,0
a2a0cb2375c3d35914bc2bc5b24284cd,0,0,37,0,0,0,0,0,0
9bbd5441808e48763ed303c35c3742e5,0,0,0,0,37,0,34,0,0
83d41cdf6cf3deba9cc6be7e924d7cbf,0,0,0,0,0,0,37,0,0
278fb764fb56f40d38d732dfcf969023,0,36,0,0,0,0,0,0,0
a3b4f8240332ee7c1a40cad8ac05b57c,0,36,0,0,0,0,0,0,0
9e4b42e3c981b994d5a8ae3dedaf3212,0,36,0,0,0,0,0,0,0
69db7cfb784c48a4f44ed60f7d5da54b,0,36,0,0,0,0,0,0,0
5a01e4ab769105680934ebc65e2ea644,0,0,36,0,0,0,0,0,0
b948f44940f7916e0c32da4acb6986ec,0,0,36,0,0,0,0,0,0
c2b05779e8254d874a549db89aa66cbe,0,0,36,0,0,0,0,0,0
15387d98b7e69ff86cd82fe8d4f04083,0,0,36,0,0,0,0,0,0
9a590fbdb76fc61949beff65a12567d1,0,0,0,36,0,0,0,0,0
440fa88fa995e9052ea2281bcf7f2a01,0,0,0,36,0,0,0,0,0
49bc754b3a392d500610410649ddc048,0,0,0,0,0,0,36,0,0
4f2ac47b8d814b9b07f6411d5b219861,0,35,0,0,0,0,0,0,0
1bab72cf018fb2a1e6f01cf4c4b18181,0,0,35,0,0,0,0,0,0
e86ea2516bf30eeeb3058f4fd0020468,0,0,35,0,0,0,0,0,0
c7783165caa691355d84e5337c308159,0,0,35,0,0,0,0,0,0
a10a66da489ce673abcd8254fb51dab9,0,0,0,35,0,0,0,0,0
c481f969021255e576118eb1648dc026,0,0,0,0,0,0,0,35,0
6822c0ac54906c47f8133d5a39727cb2,0,0,0,0,0,0,0,0,35
b3bacd9fb5b972b5603d57ad344b02db,34,0,0,0,0,0,0,0,0
1b54c1a0cdf3c180d965477cf2fbceb5,0,34,0,0,12,0,0,0,0
639cf0a0fd5611a1b83c8b2df80aa740,0,0,34,26,0,0,0,33,0
ae975848ae346b9d61ce318005f82213,0,0,34,0,0,0,0,0,0
061ad7bb0e696a8ef50f1db2faad252a,0,0,34,0,0,0,0,0,0
c17f91d2d76be76d176188725fb689a2,0,0,34,0,0,0,0,0,0
8067bb32b397b438a4b3e0037a90ea68,0,0,0,34,0,0,0,0,0
60db68d83959fee2a2c2700d60f17682,0,0,0,34,0,0,0,0,0
be7e6330649622fe91142793a05c9935,0,0,0,0,0,0,0,34,0
b97f1b56d11c2d645bbc062768efa671,0,26,0,0,0,0,0,0,34
e2fb3f9724b123c1cb1ccb124e79f7ba,33,0,0,11,0,0,0,0,0
5166dd41c78eb03e896cc951f3a843ef,33,0,0,0,0,0,0,0,0
d42cce63d07af52e54b2dcfb72740990,0,33,0,0,27,0,0,0,0
7688d79270ed6085ef5a62694da7fd2e,0,33,0,0,0,0,0,0,0
b9f7431a8d6592e21e1c7bf2a21d3d70,0,33,0,0,0,0,0,0,0
05a9b990eb62b8806de887e97018bc6c,0,0,33,0,0,0,0,0,0
f25e74695d667e1c2d1c34904bcbfeae,0,0,33,0,0,0,0,0,0
db1ca0860f03e55bb0a39e07e7c01b09,0,0,33,0,0,0,0,0,0
5de347cb774f3d39864f462d8e9adf21,0,0,0,0,33,0,0,0,0
98d42b8a125619d3d6dace5645fc6a90,0,0,0,0,0,0,33,0,25
841ed883335b0b67b50088ee4ed386bd,32,0,0,0,0,0,0,0,0
64f0245b97a8f4824499db5dae25cbbf,0,32,0,0,0,0,0,0,0
79706c36edbe54dbf677cb65ca63ddb2,0,32,0,0,0,0,0,0,0
741572d978ee833bfc0943f0424352f2,0,0,32,0,0,0,0,0,0
0c60c665a19578af51dd71cdf30413b7,0,0,32,14,0,0,0,0,0
142f086788ed7b35071ae39795eb44bc,0,0,32,0,0,0,0,0,0
21d3cf15a48a132bcf9aefc215f698f0,0,0,0,0,0,0,0,0,32
e0507fe617261d062b7255be82c531d5,0,0,0,0,0,0,0,0,32
af1fe2d32e96fa97ff9b6448b45c3b15,0,0,7,0,0,0,0,0,32
eb4a811285604f1924ebf47335149c05,31,0,0,0,0,0,0,0,0
d4e2f73e0daa692508dbc646219584bc,31,0,0,0,0,0,0,0,0
5a862b69af3aee3a8571be89b8e8e277,0,31,0,0,0,0,0,0,0
f40ed2d7bb16b9913a1be2a9840c1044,0,0,31,0,0,0,0,0,0
ce35a065f660d76e826e9f09ced0b60e,0,0,0,0,31,0,0,0,0
77b03859d440504a7803077aab2ddbc5,0,0,0,0,0,0,31,0,0
657772ff34656b4a67ba6d9222d18b22,0,0,0,0,0,0,31,0,0
b6a52224dc37c466f6f91d15d3126aea,0,0,0,0,0,0,0,0,31
468577dd54429c9d813df329bdc26d23,0,0,30,0,0,0,0,0,0
a6ab6129e3cf2db1bc6723ba7e93b7c9,0,0,30,0,0,0,0,0,0
589c01ed6aa4002a04386c1f70625704,29,0,0,0,0,0,0,0,0
1ad01c950f08e1e054b8055ab5529176,0,29,0,0,0,0,0,0,0
625e4b5fd132534a7a05eea8ee334d2e,0,0,0,0,29,0,0,0,0
9fdd4508d925f69b305db45cf72e900e,0,0,0,0,0,0,0,0,29
e38cdcb3711d9a3a184483829d77cb56,0,0,0,0,0,0,0,0,29
3fed1b220a15ae5024e0b766c9228a30,0,28,0,0,0,0,0,0,0
b09de6382273e2817e5d137babe088c6,0,28,0,0,0,0,0,0,0
09ca4d1cdbcd2972fb472588e8307e14,0,28,0,0,0,0,0,0,0
332bb885ece23eeb50ae6ec6a9ec6043,0,28,0,0,0,0,0,0,0
ab4028b1e83103899493953950a8e949,0,28,0,0,0,0,0,0,0
07fe23ed117844aadf8f837b5f61edd7,0,0,28,0,0,0,0,0,0
73a191d7d97b53c26a8c02f8f36b54ff,0,0,28,0,0,0,0,0,0
94846e1c0e244a601a3779c2d73388c2,0,0,0,28,0,0,0,0,0
22a0387c162314f1ac44e53f247c69ef,0,0,0,0,28,0,0,0,0
590b13ee58991d6dab8eceb9278d0e1b,0,0,0,0,0,0,28,0,0
1fb3888514a8908be4ae354ce9b45821,0,0,0,0,0,0,0,28,0
c14fda3c1a98e0bf770c33f89f782670,0,27,0,0,13,0,0,0,0
951cd17e13fe4a93e180425bf08c1faf,0,27,0,0,0,0,0,0,0
0d2ad7bd0929ba58ae7e595417c2d45b,0,27,0,0,0,0,0,0,0
789f0b2246300ca01cc4985c73732c88,0,0,27,0,0,0,0,0,0
36b6285c1bebac0d1e8edc1bd0c4a02f,0,0,0,0,0,0,27,0,0
1b95e3ee635f770a864fffbf51a16c4f,0,0,0,0,0,0,0,0,27
f4fe9cdc112a7a9022315612be51c8ec,0,26,0,0,0,0,0,0,0
037fca6f67561d3ffc6157996b318612,0,10,14,12,16,0,0,0,0
517dbf3ddc65f78115b6106780c8622f,0,0,26,0,0,0,0,0,0
6a4990ffb36f30d3d8eacc33f4018264,0,0,0,26,0,0,12,0,0
4b51dfec7786e5da0860c25a3656b0ec,0,0,0,0,26,0,0,0,0
26b4847ae8baa644a7104212acbae349,0,0,0,0,0,0,0,0,26
11318e2132ab80da51d99a7d598431b8,0,25,15,0,0,0,0,0,0
b091740b0afc311f68ee56be302ec281,0,25,0,0,0,0,0,0,0
3b32de41bc4fa4237e2123000302a847,0,25,0,0,0,0,0,0,0
feffe5bb145a6ece71d139dd00d09b04,0,25,0,0,0,0,0,0,0
aa831caf16d782f39447bbb1dc8ba960,0,0,25,0,0,0,0,0,0
b870c44ba8e1472ad7acdc1f1eb89599,0,0,0,25,0,0,0,0,0
8276633e1894f069636e8e60e58dbda3,0,0,0,0,25,0,0,0,0
61cacb57d8c02bb5c23632df3c94829c,0,0,0,0,0,25,0,0,0
dec08bba09107ce830b3ed711beed1b5,0,0,0,0,0,0,0,0,25
4556040a660fd5fb0465bbfb7a050713,0,0,0,0,0,0,0,0,25
94fc230d94f40055ea5970e475110338,0,0,0,0,0,0,0,0,25
39bf2cb190cdac0076ae067531306e8c,0,0,0,0,0,0,0,0,25
0ee35070c09b6a5c0a4a6b89c19c5194,24,0,0,0,0,0,0,0,0
cee231ec7abf6d20c405268a881773d8,0,24,0,0,0,0,0,0,0
a725c549f490b876cf9d02a8041b14dc,0,24,0,0,0,0,0,0,0
2d42cc0c56eca8e3b6ad4a3c9184fa3b,0,0,24,0,0,0,0,0,0
f2c5fb4f8ce8f07c7290a0bf3595e6d9,19,0,24,0,0,0,0,0,0
077b810e4e445f1b8949f97acd701e3d,0,0,24,0,0,0,0,0,0
c54865ed6e92661e63480f260d637bbf,0,0,24,0,0,0,0,0,0
e16577664dc9f614c71176ad45028f77,0,0,24,0,0,0,0,0,0
a14070f29b5e385fd448d00ea18a8960,22,0,24,0,0,0,15,0,0
0782005f6c1100d9004d33e05a3652a8,0,0,0,24,0,0,0,0,0
067065d662fa3a619f0432eae5fef7b9,0,0,0,0,24,0,0,0,0
92044c1e0a889700dc676ad6e23c5ec3,0,0,0,0,0,0,24,0,0
8554c67240a787969829c50e2051fa68,0,0,0,0,0,0,24,0,0
d76e9a3a989fa811ab7ce8ab894ac0c5,0,0,0,0,0,0,24,0,0
d1697c56fd54b10c6f8aacf88e17af42,0,0,0,0,0,0,0,24,0
b96a0414f361fe77da283ac681690951,0,0,0,0,0,0,0,0,24
363835d56013d2ecc6dfabcdaf65f191,0,23,0,0,0,0,0,0,0
d1af29e7e5df9639b3c21cd4201309bf,0,23,0,0,0,0,0,0,0
8c641a0f7aa5593e88ff94d98f0e63e7,0,23,0,0,0,0,0,0,0
2124d9f10858ab28138945ae788950ea,0,0,23,0,0,0,0,0,0
f0fa1d28bc85730a27a5ab46dd1b8ecc,0,0,23,0,0,0,0,0,0
07c127f9b8177c30843a4ffda90b658e,0,0,23,0,0,0,0,0,0
b72a667512b8d93020e43841d0a4731a,0,0,23,0,0,0,0,0,0
683b2b769f94d3b29771bd5f239ac411,0,0,23,0,0,0,0,0,0
e52c7bff34764b8d130b398b42fb935a,0,0,0,23,0,0,0,0,0
6e9e8ecc30fd76a510ff8a0c79196850,0,0,0,0,23,0,0,0,0
e506cf7d38becaadb215ac21e20a7d18,0,0,0,0,23,0,0,0,0
edc339d108f2ebbab68922ede4bfc10c,0,0,0,0,23,0,0,0,0
7854680c0dc2845cdc7b9225e15df76f,0,0,0,0,23,0,0,0,0
c59cfea1bf4ecebd223a7c01428168da,0,0,0,0,0,0,23,0,0
2083848518e89d690bf57177ecf652e0,0,0,11,0,18,0,0,23,0
6d000ed705b274ad95c1ba72968a8a48,0,0,0,0,0,0,0,0,23
cbfcd3238fea35ef2ec62e39d19b7faa,22,0,0,0,0,0,0,0,0
1fb46b546ebb7a4e05107a2ca43793ed,0,0,22,0,0,0,0,0,0
ae1cbb12812985541a9deb9f020f3eea,0,0,0,0,0,0,22,0,0
cc8549bd4aedda0437015e6fd42b0e22,0,0,0,0,0,0,0,0,22
2851e3c5abc65451f07c37c204eddf90,0,0,0,0,0,0,0,0,22
bfb1dde08311629d595920ccf82825c3,0,21,0,0,0,0,0,0,0
1729a9dbb17df9324b1081187fb49ca8,0,21,0,0,0,0,0,0,0
9900e90ab9db55bf05155c4eb89e6931,0,0,21,0,0,0,0,0,0
d8befdbb449e2263a87d1956cf0ec00f,0,0,21,0,0,0,0,0,0
22dca4253e71e2b4940616c80a63ac02,0,0,0,21,0,0,0,0,0
68af643206890976ddfb6c71b89a49b7,0,0,0,21,0,0,0,0,0
1646a8b9328113baf49134c3aa367a7d,0,0,0,21,0,0,0,0,0
a0a7451319c1992b2e7994187f93a270,0,0,0,21,0,0,0,0,0
da7fe25bfa2462b7597fd905053c34c5,0,0,0,0,21,0,0,0,0
3369f2157e885e5e74cb2cca91e38f1b,0,0,0,0,0,0,21,0,0
434a2d07413b6c25cc4d7843af876f17,0,0,0,0,0,0,21,0,0
51aab11858a2465fad5eb3b161190838,0,0,0,0,0,0,21,0,0
2cbd6c219ebeaa7cc84eb740bf431b11,0,0,0,0,0,0,21,0,0
71a3916578d0f53094e6c09bf67df078,0,10,0,0,0,0,21,0,0
59d885a5837ea293610273317dab2295,0,0,8,0,0,0,21,0,0
7b15b6f0bf1b120b216cd750c35f1d2c,0,0,0,0,0,0,0,21,0
d401d794aa12b86ec7c090e79bbbda88,0,0,0,0,0,0,0,0,21
f3846e2f229ad2de73c1e498b6493926,0,20,0,0,0,0,0,0,0
a5bd66ac7bb1e6a0a3511462375f15e2,0,20,0,0,0,0,0,0,0
f2442a5f2683f85b0ecda8e51fb8a726,0,20,0,0,0,0,0,0,0
1d35b7c34454c5f3795309819792ae32,0,0,20,0,0,0,0,0,0
997366f0fe0fbbe53fb99f1eb184c7ee,0,0,20,0,0,0,0,0,0
db46f61cfd53941f619e7248a78fb97d,0,0,20,0,0,0,0,0,0
d91c3cec2e73df8474165cb00e7e58b0,0,0,20,0,0,0,0,0,0
2ca751eac837278685e46c6f4b8fed35,0,0,20,0,0,0,0,0,0
5aafdeb540e8b97a56ce70a4b9643f7e,0,0,0,0,20,0,0,0,0
72ee0ea5b352c90223135820c05044aa,0,0,0,0,20,0,0,0,0
40018080cbf8d9beaaf6cc1f8a3ea552,0,0,0,0,0,20,0,0,0
4bf37557b60700fd2632b4335fd4cd7a,0,0,0,0,0,0,20,0,0
938e162d8a0171d3a666883805891e21,0,0,0,0,0,0,0,20,0
20c5c4210e45559caaffbaea8b4fe2eb,0,0,0,0,0,0,0,0,20
7294ddb9232a3b0365bc1a76aba5a10a,0,0,0,0,0,0,0,0,20
f4d1245376f9217bbeed05295a04ec80,0,0,0,0,0,0,0,0,20
a13a7aa648376733210237a7889898fe,0,0,0,0,0,0,0,0,20
563c6cbd8b937b0bbac04c578f31d291,19,0,0,0,0,0,0,0,0
0858be39bf811ca1608f058d08fa08b3,0,19,0,0,0,0,0,0,0
4be5206854f40b3e4ddc27961594c680,0,19,0,0,0,0,0,0,0
dc480835d296fc8adde489f73130b214,0,19,0,0,0,0,0,0,0
5d0d656bee1377e58874ffe15c621cd4,0,0,19,0,0,0,0,0,0
a40646feeb5e64cccd407c1224fd6400,0,0,19,0,0,0,0,0,0
ab80840cc4e2b32c13efc5ae22809b6d,0,0,19,0,0,0,0,0,0
b4536b9ad112f2c53968d7056b3c703d,0,0,19,0,0,0,0,0,0
5829334be07c3b11c76bdb9b6e30eb1d,0,0,19,0,0,0,0,0,0
ddb33c43c3124e968e200db7bcc0c0c5,0,0,6,19,0,0,0,0,0
fd4edc3056a36f25a57cfa275e07f9f1,0,0,0,19,0,0,0,0,0
c8a0001de05d4ce8d7c7101297e123dc,0,0,0,0,19,0,0,0,0
a0777b56462b77a6a650a05771c90cd8,0,0,0,0,19,0,0,0,0
e2a25ea107fde19745f284309797daf1,0,0,0,0,19,0,0,0,0
c2f7f15cae2dcab58960901e905fbe98,0,0,0,0,0,0,0,19,0
17b4ca861d366b02c1d09530757ab825,0,18,0,0,0,0,0,0,0
8c1cfb7eb464b94d814b24a238ba9040,0,18,0,0,0,0,0,0,0
c43afeda3f9f032d39c0eba76bf4eaa5,0,18,0,0,0,0,0,0,0
dc5922d8e9717319b8bf3f59d069fe6d,0,18,0,0,0,0,0,0,0
9785b6894e6cfed502ffdc436ed613c5,0,0,18,0,0,0,0,0,0
468913317b9baa7060bccb315e1f020d,0,0,18,6,0,0,0,0,0
70c92270fa7222cdf24773cc1e7b1645,0,0,18,0,0,0,0,0,0
7c1960ccd9b55e63311097838aac7544,0,0,0,18,0,0,0,0,0
a0b27bf620bf72ace230cc68a57c4370,0,0,0,18,0,0,0,0,0
6d1df72cde0b446ea43a4721f4b734b9,0,0,0,0,18,0,0,0,0
d8a7f4beeae815476be65658b8d7d83d,0,0,0,0,0,18,0,0,0
43b837e854097a8bfb3112cbf2329b5e,0,0,0,0,0,0,18,0,0
a34132151b93d9de97c37cff906f068a,0,0,0,0,0,0,18,0,0
09daf57b1c19a3dd035e999bc2de641f,0,0,0,0,0,0,0,18,0
d94ceeef02fd7b54e6028837b4019a64,0,0,0,0,0,0,0,0,18
f0dd57ad6c71dca0a2da8c3e16f3dd46,0,0,0,0,0,0,0,0,18
83de1f4c877a8986d4f160a04cf91e69,0,0,0,0,0,0,0,0,18
a31748f7f32eca57080785c74c1d3bce,0,0,0,0,0,0,0,0,18
28142d33e90df95d799b37a15c78e2c2,0,0,0,0,0,0,0,0,18
5fc44e77264adedb9447b98f53c420cf,17,0,0,0,0,0,0,0,0
d0ae5f3ce3b9e8ca3e0e6eebf255946f,0,17,0,0,0,0,0,0,0
0f104b5eb81a8f772e03efdfa1ae1a44,0,17,0,0,0,0,0,0,0
d93385baedc97337066604b3e60db215,0,0,17,0,0,0,0,0,0
5bfeaddca999d8a5fdc97f201eb8185a,0,0,17,0,0,0,0,0,0
a5b9da2f592acbcda58863f81130694d,0,0,17,0,0,0,0,0,0
af1223ff3102b7814d8d3b2ce6e75e80,0,0,17,0,0,0,15,0,0
1af58488585b71b5efb0c981a362840b,0,0,17,0,0,0,0,0,0
760bf29ac48d67a692b824b4a5550d59,0,0,17,0,0,0,0,0,0
3e46308258369eacc74a208a57039044,0,0,17,0,0,0,0,0,0
301b96c322893b95c6103dc17d68ea8b,0,0,17,0,0,0,0,0,0
103fe55f4058cf0739a0c85c9e4b16f8,0,0,17,14,0,0,0,0,0
4825ad41fc4de44e593e00e6eca40c1e,0,0,17,0,0,0,0,0,0
f309eacbd3b7fbc2b86fdaeb913cf64b,0,0,17,0,0,0,0,0,0
d05feaf207f53b9c8c7f2ac0927df664,0,0,17,0,0,0,0,0,0
8695a8d399045f456d632f01b4586f68,0,0,17,0,0,0,0,0,0
9f6b040b77a6feb35780fa25862a0f19,0,0,0,17,0,0,0,0,0
5e047eca09faff6a02f0beb716d7e4de,0,0,0,17,0,0,0,0,0
fa431eb27edb63a376f4a4f53c5bfa18,0,0,0,0,0,17,0,0,0
cbd476c39337091b48d6921bdb13d651,0,0,0,0,0,0,17,0,0
6130354d8a3a4da17e268fb48eb87c9f,0,0,0,0,0,0,17,0,0
61562dbfbfb6bc8f804bb9c09ad9bc41,0,0,0,0,0,0,0,0,17
a2f3085f512a13e32506f8b449618f73,0,0,0,0,0,0,0,0,17
1e560a603ec73c71f7e28002df36a693,0,0,0,0,0,0,0,0,17
50a0ca8e9f4f20f3be1ead720aecf0a4,0,12,0,0,0,0,0,0,17
4e1a5edea821c04ec1d29c858ec7e524,16,0,0,0,0,0,0,0,0
2310af01dc5bc99499907524b3d33f02,0,16,0,0,0,0,0,0,0
0536acf1947ad6726b4dd9a2af116a66,0,16,0,0,0,0,0,0,0
13b384129b3a7253509d79461030f442,0,16,0,0,0,0,0,0,0
681f60fb532956bab9f28764917b62a6,0,16,0,0,0,0,0,0,0
98125bba7c1fae14ac3bfb7ea2397bd5,0,16,0,0,0,0,0,0,0
db0341e24245c9a1b24447fd36c0f003,0,16,0,0,0,0,0,0,0
967e8060c08263d04ac3fd9b161a2de1,0,0,16,0,0,0,0,0,0
3e674f377080c713dac267991b13cada,0,0,16,0,0,0,0,0,0
58ed19a6d7a7063934699d4af9fe9414,0,0,16,0,0,0,0,0,0
57793a6897940bfa4afe03004c4ce620,0,0,16,0,0,0,0,0,0
7c9e4ebf24fc437f2bdee14d1be20090,0,0,16,0,0,0,0,0,0
ac3ed1d20296aff9b55c672a78c72cf6,0,0,16,0,0,0,0,0,0
23527fa0d1f854527e1895fd37a10e30,0,0,0,16,0,0,0,0,0
c5c185ed5916645bc0f6f9dd0c966bd4,0,0,0,16,0,0,0,0,0
2389e9cb5124851bcfb61a0e23c32036,0,0,4,0,0,0,16,0,0
f9bef30018f9331877e4e89b32a8d157,0,0,0,0,0,0,16,0,0
550a50ecff6965346d93c8e71629a739,0,0,0,0,0,0,16,0,0
90af85e580895397a9397c38e1a6f687,15,0,0,0,0,0,0,0,0
c72109377ce6e725de36872079969a94,0,15,0,0,0,0,0,0,0
6ccedf6eef8837902351bf4c391e6d25,0,15,0,0,0,0,0,0,0
3ae88dd9bbb8d47b4e2657d74ec1e60f,0,15,0,0,0,0,0,0,0
08816b5525c1e05bfcd42158e20dae8b,0,0,15,0,0,0,0,0,0
79163244a90d552752360838014e32d0,0,0,15,0,0,0,0,0,0
78670eb995df81a1e9717e4bf21e7cdd,0,0,15,0,0,0,0,0,0
022740157443664ea6bac2d126c2263b,0,0,15,0,0,0,0,0,0
71fd63dc56742af58db64770fe7e851b,0,0,15,0,0,0,0,0,0
8fe05d546f655e2315890295e1ada7a9,0,0,15,0,0,0,0,0,0
e3e959448314af0973b93323546d81cf,0,0,15,0,0,0,0,0,0
d26671e8f871a9e3b5c1a5957629121a,0,0,0,15,0,0,0,0,0
c1485a3a8fd586eae9bc712a1719fcc3,0,0,0,15,0,0,0,0,0
acefa723259aba373a248d82908a61ce,0,0,0,0,15,0,0,0,0
c92df0d3d71b170efb29ad2c86a0a6e1,0,0,0,0,15,0,0,0,0
ef06fe214b5372abfda17d68543bff06,0,0,0,0,0,15,0,0,0
bb6baa859d2ecd64bc4e38581ae60efe,0,0,0,0,0,0,15,0,0
0352db4538f505ba7af7efcf3fd5a9a3,0,0,0,0,0,0,15,0,0
9d44acb75fe5c7eb099b869556629d26,0,0,0,0,0,0,0,15,0
829844e516c2a595b2376407e839a0a8,0,0,0,0,0,0,0,0,15
6ff4274a805b7bb1bbe6270783df3eb9,0,0,0,0,2,0,0,0,15
b0f78f27009330026d932f19a889e81f,14,0,0,0,0,0,0,0,0
2f24b38dae76e9292a56a5818c4f3118,14,0,0,0,0,0,0,0,0
36e11428846f764d9a8d11aa6e6a2165,14,0,0,0,0,0,0,0,0
7589e10edfa800ba2aa24f9a26a42eb2,0,14,0,0,0,0,0,0,0
b28b9ed467c81b91ae3bc2bf1c2ddce3,0,14,0,0,0,0,0,0,0
3759dbccd8fe0404c6d1570004f5a3c0,0,0,14,0,0,0,0,0,0
49f06b15b0730d3a2aad0b45dd100db4,0,0,14,0,0,0,0,0,0
6d669f207c232aecd516dd577a44297e,0,0,14,0,0,0,0,0,0
4ee6aeaacda5cfe0c78d941f151e2319,0,0,14,0,0,0,0,0,0
b358b191d9653dcfd0fe3c445f8506f5,0,0,14,0,0,0,0,0,0
31a94fc43f54730a8c572029cc38dafc,0,0,0,14,0,0,0,0,0
52f9c820f71a4982368c70bc4351be0f,0,0,0,14,0,0,0,0,0
a1c20c85f341da690e7d9046158dc474,0,0,0,0,14,0,0,0,0
5877747dbc9e22650bb9fac63f51e24b,0,0,0,0,14,0,0,0,0
5c6327e6a3167a05d4cd725f11788500,0,0,0,0,0,14,0,0,0
c7ba50994cfb3c0c27c020826df1d53d,0,0,0,0,0,0,14,0,0
72b42401df6f9b27b37bb7f3afdbe545,0,0,0,0,0,0,0,0,14
5091c5eddc948a59f9526a4067eaceff,0,0,0,0,0,0,0,0,14
e047d54d05f8fd1dafac0105f472b979,0,0,0,0,0,0,0,0,14
623be98af3f0b5aca6dd6e838f4c63e3,0,0,0,0,0,0,0,0,14
7062c2c5df4861a6a9cdb7f108264df7,13,0,0,0,0,0,0,0,0
1e1667df4e9ceea408103b43b3368562,0,13,0,0,0,0,0,0,0
760121968becbbfbfedbcfcba5733826,0,13,0,0,0,0,0,0,0
9e75bbb103ee3c18e3105278298ba67d,0,13,0,0,0,0,0,0,0
45486443a13fc5a2b295994a46dae742,0,13,0,0,0,0,0,0,0
8a5f7147b79ea669ef9db76b962cce03,0,13,0,0,0,0,0,0,0
f87df311963141d3761fb14c771b77cf,0,0,13,0,0,0,0,0,0
73c96ba295e5487dd408546a94e9bd10,0,0,13,0,0,0,0,0,0
d10e51ab23700cb268f6987290aff727,0,0,13,0,0,0,0,0,0
9bd74022721b496f6ddaac60f4facc4e,0,0,13,0,0,0,0,0,0
c8971d1155bad803e998bc66c434fbfd,0,0,13,0,0,0,0,0,0
e19a08b7bb1a8ef6f307bae246dc537c,0,0,13,0,0,0,0,0,0
33b9a199f4f18c8faca85e7a7eec20a9,0,0,13,0,0,0,0,0,0
71ba52eb7756ef3f5594840b30f739cd,0,0,0,13,0,0,0,0,0
5679e64a7421a1aef6885a1374686357,0,0,0,0,13,0,0,0,0
de5ea747cd9f49287cd026c2d6b6def4,0,0,0,0,13,0,0,0,0
28130ce3c2c40bebb6f9956018f5052a,0,0,0,0,0,0,13,0,0
5521e76fcc9493f24871101823070a10,0,0,0,0,0,0,0,13,0
7507b7f5152608e2220b6bdaf608167c,0,0,0,0,0,0,0,13,0
f843d6db1fe2b01e4a2f99a6d1cd7fbe,0,0,0,0,0,0,0,0,13
a7236b438b0985b85e9ed66eb8ec3a37,0,0,0,0,0,0,0,0,13
4c36bf16b215ac964bf360e58f476d91,0,12,0,0,0,0,0,0,0
99c404f64026ac3c18e8eb7c8f9fe72b,0,12,0,0,0,0,0,0,0
7e022263bb24c6e886fa18478b745c91,0,12,0,0,0,0,0,0,0
e500e18f298cb90d8f36714164cbf435,0,12,0,0,0,0,0,0,0
c45fb2e36c2d776a5b4780f556d07c26,0,12,0,0,0,0,0,0,0
ac81d4faacf04bd083823e08d71a87b7,0,12,0,0,0,0,0,0,0
afcfee59dd99bd708b85c5eba46e1208,0,0,12,0,0,0,0,0,0
db0e790994d621c837868036f3d035ad,0,0,12,0,0,0,0,0,0
07641c88475d4ace408736dd57dfbf92,0,0,12,0,0,0,0,0,0
275e334098cf7b6f2914023269eac63f,0,0,12,0,0,0,0,0,0
005db3db9fcf85462c6da7e47b202975,0,0,12,0,0,0,0,0,0
41bd61483dc6b59882fae1bd28c021bc,0,0,12,0,0,0,0,0,0
b2b5b58bda4c7bddfa49f05bbb349abd,0,0,0,12,0,0,0,0,0
47d60136b5ac003ead4dcda89992ceed,0,0,0,0,12,0,0,0,0
c053795039ca4bd92ff7224250c5be47,0,0,0,0,12,0,0,0,0
26ae4f08f3b2e7b3dc60e2d2007be8e4,0,0,0,0,0,12,0,0,0
cc2728f795ff92f106673c2e2c3e9c29,0,0,0,0,0,12,0,0,0
5e2377b2fd7faf6fcc472e2ea6be0cae,0,0,0,0,0,0,12,0,0
4706061e61f0ef3da4cc66498a315d3f,0,0,0,0,0,0,12,0,0
6269ca5598bb88919d7f8deeccb7494e,0,0,0,0,0,0,12,0,0
179a3dc438ccb0701849161d98145dfb,0,0,0,0,0,0,12,0,0
92c00ae57b7e343a7289cfcb9159851b,0,0,0,0,0,0,12,0,0
3b8e4484f221814ae9763d9fd2b75db5,0,0,0,0,0,0,0,12,0
c608e53de6c156f9b6468d67995c098e,0,0,0,0,0,0,0,0,12
3cf69425d6e2c1296e68bd925ea47512,0,0,0,0,0,0,0,0,12
ce443c61f5527fce2f175dafe91bc228,11,0,0,0,0,0,0,0,0
73375f3df3ee4310d72273cf929b113b,0,11,0,0,0,0,0,0,0
25504de4412c1892e40cec0a97171fc1,0,11,0,0,0,0,0,0,0
c351cfa3e42ad130fc6ff452f635b97d,0,0,11,0,0,0,0,0,0
f5cf57a1d0684d015376f2b6696f2616,0,0,11,0,0,0,0,0,0
31bcc9ea1ce960ee8b4b03529e76a015,0,0,11,0,0,0,0,0,0
d2a5576b15baf5316a13ec5ad8262c20,0,0,11,0,0,0,0,0,0
36ecd01eb4eb9ebb7a11ef2010a63a06,0,0,11,0,0,0,0,0,0
ad5e27044ce1ef6640bb40c3c36c0219,0,0,11,0,0,0,0,0,0
704943790059dacdfb28b1a5c0eda0b8,0,0,11,0,0,0,0,0,0
efdaf0b55d61f5dc1c19c9f8b20a61ce,0,0,0,11,0,0,0,0,0
976203166679c858cc7d9d60a45ef374,0,0,0,11,0,0,0,0,0
a83801b2932c84c8652f318e4762c4f8,0,0,0,0,11,0,0,0,0
68d1a44bbaa76b7b48294b59c1bce046,0,0,0,0,11,0,0,0,0
8819b51b52a710b53a451ea1e608ad63,0,0,0,0,11,0,0,0,0
d56b76c5bb6ddaedde79933c5230caea,0,0,0,0,11,0,0,0,0
f4ebfcbf20f089bf8585b7700232a075,0,0,0,0,0,0,11,0,0
4bdd8b23e0f2df684eba0fae2f6feb0e,0,0,0,0,0,0,11,0,0
026689a42ef3f2a1c0c3bf81fd833b9c,0,0,0,0,0,0,11,0,0
82bad4ed36282c4119385fa3787f3d7b,0,0,0,0,0,0,11,0,0
3f4fe4301b96a598fbfa63ca5d6f6a82,0,0,0,0,0,0,11,0,0
fb44cbe069487133a95a07e7bea5bf76,0,0,0,0,0,0,0,0,11
aab3b99b05d1f812368c9a83667f74f5,0,0,0,0,0,0,0,0,11
db26d3bb9414073c086b08b393ae5b6d,0,0,0,0,0,0,0,0,11
f16271f6d31ce31b631115a4190f549d,0,0,0,0,0,0,0,0,11
121595651c33159fca986a5f9d35066f,0,0,0,0,0,0,0,0,11
8a867f2ed1578e434d29d0b55078abfa,10,0,0,0,0,0,0,0,0
98fa77213ae9d75cfcb621dcca540068,0,10,0,0,0,0,0,0,0
4ba99d37e1cc54b7e38f941881ce57d8,0,10,0,0,0,0,0,0,0
23ac2b37cca365b32a6cfbcc3b7a7f4c,0,10,0,0,0,0,0,0,0
efcefeb04e8e14a1648de9953550bb12,0,10,0,0,0,0,0,0,0
dae161c7ea018851629ac16de78152f8,0,10,0,0,0,0,0,0,0
48bd795a6e5c45dc40602094903382a0,0,10,0,0,0,0,0,0,0
ced078bd87b0b1bcdd2bf5c45d37566b,0,10,0,0,0,0,0,0,0
fa5d14ba2444d3bc010ef4b66b7558e7,0,10,0,0,0,0,0,0,0
6d091fc22b899a97f4a9a38b61bf1ce6,0,0,10,0,0,0,0,0,0
a4613201004cde4beba39989492d01ff,0,0,10,0,0,0,0,0,0
c05af18bf1ed642c0aaf5a531df9a040,0,0,10,0,0,0,0,0,0
2617a855e8b8cc176940cfca1028efdf,0,0,10,0,0,0,0,0,0
cb947b15d2f397ef3fab1112bb59d641,0,0,10,0,0,0,0,0,0
57903430b1f91f31d2e373faa33114db,0,0,10,0,0,0,0,0,0
3cc0713b89f7e28f50ed80374fd86e77,0,0,10,0,0,0,0,0,0
7da145fc7c99406bb62d882a31cff6c5,0,0,10,0,0,0,0,0,0
764389b49e357965114044efc8cda258,0,0,10,0,0,0,0,0,0
dd67e68734f9ec78b7aa57c3a6715f4e,0,0,0,10,0,0,0,0,0
89822b4ebb3ebfb7f275920a24ee6d10,0,0,0,10,0,0,0,0,0
383a81ff12565e7ac2f87d1e8de64626,0,0,0,10,0,0,0,0,0
473ff6d98e7ed28784efa7b3aafd5320,7,0,0,10,0,0,0,0,0
acac45e35994d7de52d110e15a69aae7,0,0,0,0,10,0,0,0,0
2fad65296d37378e10d56adbeb652920,0,0,0,0,10,0,0,0,0
215a601e5b2f1c34be5652da84dcde18,0,0,0,0,0,0,10,0,0
13b73eaaee131684318ca5c936ede3a3,0,0,0,0,0,0,10,0,0
a9d46e25f7de27e75153c031fce3b4f6,0,0,0,0,0,0,0,0,10
b5e3ed8ececd435cf14f0ceb8e967b8a,0,9,0,0,0,0,0,0,0
72a3b3f20f809bfb6f5eca04f8df4944,0,9,0,0,0,0,0,0,0
4dcb112aa4124eebc4575224ce4b9970,0,9,0,0,0,0,0,0,0
bd5b501cd34e353bff9f418052849e13,0,0,9,0,0,0,0,0,0
db19cd58b11da6cb42857f3f3539ac28,0,0,9,0,0,0,0,0,0
d0d1d2da660adb0b5b92619868dc93b7,0,0,9,0,0,0,0,0,0
7fc55a433c2dd6cb38dac91b590edcb2,0,0,9,0,0,0,0,0,0
94fc8ebf085b2af6d6ad0cdb5194a89c,0,0,9,0,0,0,0,0,0
3ad422526709c27795390a31c67b8580,0,0,9,0,0,0,0,0,0
37ad6d96442947efba74fa7c7fc26743,0,0,0,9,0,0,9,0,0
63da7c2e34c3695ffabd6136449cfb09,0,0,0,9,0,0,0,0,0
e7f26cda3105f8669aefa82bdaf1b5cb,0,0,0,9,0,0,0,0,0
c4d78f62e6bd9c3b45166da8143b1fa2,0,0,0,0,9,0,0,0,0
e2ba2e41737734b2ea2d94b8f9f4b359,0,0,0,0,9,0,0,0,0
30c016f221f3e744c220cf51b493bc3d,0,0,0,0,9,0,0,0,0
ab64b486aa72079a3124859a2c65be1a,0,3,0,0,0,9,0,0,0
13438b4e362eee43d362d0dcdd703362,0,0,0,0,0,9,0,0,0
c22c7b0b805fa2d2986243e4d2699eae,0,0,0,0,0,0,9,0,0
e53658de4605b8b8582667a8754d0e5d,0,0,0,0,0,0,9,0,0
a40c7fbdb46f02c0cac4fc19f2ea0c8d,0,0,0,0,0,0,9,0,0
0ce6721f38110fb47d375aa2fc10cfc7,0,0,0,0,0,0,0,9,0
851da1c7c483d18f1bcf481f4172ac0c,0,0,0,0,0,0,0,9,0
e368a741f68c88e381df1f9d5b123afe,0,0,0,0,0,0,0,0,9
b1ec26d27105107b1ad1478cc847c4fe,0,0,0,0,0,0,0,0,9
a32ebc0296ee7f35313453eae3d68810,8,0,0,0,0,0,0,0,0
71a696acd97b1fcc55a451176055d841,8,0,0,0,0,0,0,0,0
736ff99b6296a28a4f3c7afe0ecb3179,8,0,0,0,0,0,0,0,0
330219837aa6ef503fa87f84c66a0f0e,0,8,0,0,0,0,0,0,0
23d869d7e0cb3e6ac40b01375ee99ae7,0,8,0,0,0,0,0,0,0
2f3afcc5c64ba3948a103ffa38e303ac,0,8,0,0,0,0,0,0,0
cb8264edd90639ef1b66a1f5134c84ae,0,8,0,0,0,0,0,0,0
0801234ee5c08da74929d55b4f0f67c5,0,8,0,0,0,0,0,0,0
78e65ef44d3950af6716c441a8cb5736,0,0,8,0,0,0,0,0,0
378c7d60af768ba8725c977b23db1b0b,0,0,8,0,0,0,0,0,0
650abb5f884914d01028b27ea159d9e6,0,0,8,0,0,0,0,0,0
2932766f6ec6345a8f8601f00b8bf714,0,0,8,0,0,0,0,0,0
e793d96765805889bc44bc71983857f3,0,0,8,0,0,0,0,0,0
07f8e64607f6d01b95bb8b20f7a998f5,0,0,0,8,0,0,0,0,0
e70d5107a1eaa0f8366ad9fe81171858,0,0,0,8,0,0,0,0,0
b02be635bbd582fbf8fce5aadacd733d,0,0,0,0,8,0,0,0,0
b522c3d496f425b4b90fd4e876873c10,0,0,0,0,8,0,0,0,0
6c82f44a80ecee99e80fe4fb5e1db9a7,0,0,0,0,8,0,0,0,0
c1db0b2506112001fbdbadecd4b85438,0,0,0,0,8,0,0,0,0
f2323e897c18e94ef4cc65a671885f9f,0,0,0,0,0,8,0,0,0
9ea733f2a8dc973663a3f953cab911b5,0,0,0,0,0,8,0,0,0
2f889a5b50dda3ab6ece87eb92b4470a,0,0,0,0,0,0,8,0,0
923d7e5197b705f356d62dd31554a89b,0,0,0,0,0,0,8,0,0
341c75ae17e6cf6bfa16bc9d30e31c95,0,0,0,0,0,0,8,0,0
32bd2675d563b00ed6fa454a4df6c4e7,0,0,0,0,0,0,8,0,0
7a2c63833b1e396f6ba3da7f63578e40,0,0,0,0,0,0,0,8,0
85461c7b4bbb152b4288c7c99ebe93de,0,0,0,0,0,0,0,0,8
64d6db86f6607c94d404b266c1629803,0,0,0,0,0,0,0,0,8
0bd3b3d786afa065dc110efc7a47f8e7,0,0,0,0,0,0,0,0,8
8928907f00e20e07a71b32bc89bde324,0,0,0,0,0,0,0,0,8
212c1ecbcd05d7f64f242205aa57d353,0,0,0,0,0,0,0,0,8
4ea07f4848d59eb0de2f21f96296308a,7,0,0,0,0,0,0,0,0
318af5fdee76265b1d4eaa04540b2a23,7,0,6,0,0,0,0,0,0
c0a1f4104bfd076185ba0396439a8d1e,0,7,0,0,0,0,0,0,0
cb35888a3916db51cfcb58569f94e4ba,0,7,0,0,0,0,0,0,0
e4294e0ba61f17304b18a3a841b89611,0,7,0,0,0,0,0,0,0
39d05106431a065127607d8f68d6e461,0,7,0,0,0,0,0,0,0
2313221b978610bda2b3e3cb918013c8,0,7,0,0,0,0,0,0,0
670844fb44c27e3054e60a02665fec7e,0,7,0,0,0,0,0,0,0
94e9da4f98166ade5957f3d2b20967f6,0,7,0,0,0,0,0,0,0
9028fda9a34e4665d34d20195a552814,0,7,0,0,0,0,0,0,0
29eb4715cec01483ab5fa60f77855ff5,0,7,0,0,0,0,0,0,0
fa87e5ae5a006c8e74f019a1262373d6,0,7,0,0,0,0,0,0,0
d82346f0f43beb755e8334af773356b1,0,0,7,0,0,0,0,0,0
4401f2eebcc6db055290f5ec0a822b1b,0,0,7,0,0,0,4,0,0
bdbec2592c3a6bf3f2ba67bc72296418,0,0,7,0,0,0,0,0,0
ddbe8d842a86dfe912ef06bb7eb30a72,0,0,7,0,0,0,0,0,0
73c503fe677277b117c22abcdcc9a216,0,0,7,0,0,0,0,0,0
86f65bd57a191da6ba01d8f8e4b66f56,0,0,7,0,0,0,0,0,0
db727e40654d6418891fac4048b46ccf,0,0,7,0,0,0,0,0,0
195cd404e9ff661781f242a4612ebcec,0,0,7,0,0,0,0,0,0
960472de4e9fa7aebe8f8fc76b925013,0,0,7,0,0,0,0,0,0
060ad96fc28c7ca21eb296818b526557,0,0,7,0,0,0,0,0,0
9c6bc900d7c85649bbe23d371c27a46d,0,0,0,7,0,0,0,0,0
e3cdeee8ac9255db3f415bbdd63dcf31,0,0,0,7,0,0,0,0,0
244a28f66d2827db785c863068852bba,0,0,0,7,0,0,0,0,0
1456a1b3dab3e554106836dee3d26866,0,0,0,7,0,0,0,0,0
aff440a817bae68befa8357533682e38,0,0,0,0,7,0,0,0,0
860505682847b0884a6b9682250c6141,0,0,0,0,7,0,0,0,0
7ddb2491cfc850defb2d6a01241e3e87,0,0,0,0,7,0,0,0,0
b3196131e33be96c2cb8827f61f20268,0,0,0,0,7,0,0,0,0
952732605195c9a67d02d8d8450b08ba,0,0,0,0,7,0,0,0,0
b24d27748281fe48bb76bc574bb432c1,0,0,0,0,7,0,0,0,0
f23100f32a375d01d9d8e106c5db96da,0,0,0,0,0,7,0,0,0
83618e44a20fa8543ecd5f04f0f6ed30,0,0,0,0,0,7,0,0,0
1b527fb86a5ca3cc25c2011b03999999,0,0,0,0,0,0,7,0,0
ca53549b4772d172e1e1a667cf7ae98d,0,0,0,0,0,0,7,0,0
89088bf699c401492b4d38140269edbe,0,0,0,0,0,0,0,0,7
e425d528ab218475b4065e0fd13c37c0,0,0,0,0,0,0,0,0,7
9477f30211e14059d6120d119117f29f,0,0,0,0,0,0,0,0,7
d44a706743f0ba0dc458b23d7990dc4b,0,0,0,0,0,0,0,0,7
eabc6aca1ad2da38e67c48798a315c13,0,0,0,0,0,0,0,0,7
112414d0525479f3a766c6c07e8f662a,0,0,0,0,0,0,0,0,7
d3c848077d4aaca14ea3600d35da9c57,6,0,0,0,0,0,0,0,0
965c62a45b68bcabca09663c90b53b19,6,0,0,0,0,0,0,0,0
707f7ab53d870d47d99c32c708d09fa1,6,0,3,3,0,0,0,0,0
adc229b492ececbbeb4ce4809391eb6c,0,6,0,0,0,0,0,0,0
e71e9c914929466a3aa8ed0a6261a99c,0,6,0,0,0,0,0,0,0
0bfde985984c4ab4981480bf988d0f8b,0,6,0,0,0,0,0,0,0
8fa42b395cf6e9158fbe47fba6f49c69,0,6,0,0,0,0,0,0,0
b588e12fe7d89bb1e8f6f55bf75868b6,0,6,0,0,0,0,0,0,0
48b4347cfaeff6ee086f65fa7a0713a0,0,6,0,0,0,0,0,0,0
72debe37ce2891c540749ef51039176d,0,6,0,0,0,0,0,0,0
8818eff8e00be602531b43a7a88ada70,0,6,0,0,0,0,0,0,0
61a18d846005e2e935dbdc21a8859dbe,0,6,0,0,0,0,0,0,0
d1c3d0cc942a6cfc7b868530245a5795,0,6,0,0,0,0,0,0,0
46544ee311676c02eaa3e4483080012b,0,6,0,0,0,0,0,0,0
84d5527014ab88a7508d414b452cd5b9,0,0,6,0,0,0,0,0,0
9337ec225264701e0c92395079f40a0b,0,0,6,0,0,0,0,0,0
0f365659df2a64cc36e8417305dce7be,0,0,6,0,0,0,0,0,0
b6b4511968e2b59423e514bd330eeb67,0,0,6,0,0,0,0,0,0
a878b3f64a89039e1ff3918989667db7,0,0,6,0,0,0,0,0,0
357300dd2f1ef3f3b2d1a19cb11dd7d7,0,0,6,0,0,0,0,0,0
2924b60a9b19313acd7c18dc31fc52cc,0,0,6,0,0,0,0,0,0
d42ee91799593d215b405b806bc2377d,0,0,6,0,0,0,0,0,0
a1f05c96e9a9dcc6c8cd5861c1350e6f,0,0,6,0,0,0,0,0,0
69285f2f51628549cf108332928519d4,0,0,6,0,0,0,0,0,0
cb383e00e146771505768e7b0896d29d,0,0,6,0,0,0,0,0,0
488772cdfc3244ca94b278e03f2eb68d,0,0,6,0,0,0,0,0,0
79e7c0b9734586683e6c2a1fbe6a2f32,0,0,6,0,0,0,0,0,0
2c1a1be5c713c16bbd6492d1fbe2ce30,0,0,6,0,0,0,0,0,0
311af84542c6feab2e67cad5b890a08c,0,0,6,0,0,0,0,0,0
e41e27a236b730842e00c165f3e63497,0,0,6,0,0,0,0,0,0
dd6af245ec01b5f5b34221929070a216,0,0,6,0,0,0,0,0,0
caffbf04bca612e0f84b1c22185f413b,0,0,6,0,0,0,0,0,0
21619c43ac7571fd81c0b0459effb720,0,0,0,6,0,0,0,0,0
74204dfd47e4c85c62ec2be10121e71d,0,0,0,6,0,0,0,0,0
60db67de435a3c3863a8fcd18683733d,0,0,0,0,6,0,0,0,0
d8506b9724c70d2b9c67e34a1bf170b6,0,0,0,0,6,0,0,0,0
6f5fe7f87d628deef73eacd4e35ff698,0,0,0,0,6,0,0,0,0
325037295bcf3eb37128f506a37b677b,0,0,0,0,6,0,0,0,0
904625e6e74827888ccb61602f9bac28,0,0,0,0,6,0,0,0,0
0698768bc74b0c91ca1c9939572e7557,0,0,0,0,6,0,0,0,0
d0619a31b050297f62669e48d0f6f5e9,0,0,0,0,6,0,0,0,0
3d233b6d8ab155bceb481980c9b2694a,0,0,0,0,6,0,0,0,0
015ae25239a5bca69ee728da14aad7a0,0,0,0,0,0,6,0,0,0
47063752d84a1af6e611d5f340969c3d,0,0,0,0,0,0,6,0,0
94ff522021b213cc52e9402ca08dd95f,0,0,0,0,0,0,6,0,0
2ae50ae41a6755c531d9bf8a6a41d2e8,0,0,0,0,0,0,6,0,0
bc12fd27a156e1e254853e62a2558b9c,0,0,0,0,0,0,6,0,0
44e2483796a2bfb703dc53737479ade0,0,0,0,0,0,0,0,6,0
172de866b9ac4389385a28275306095d,0,0,0,0,0,0,0,6,0
b656ad739f733252ca96af1520023f83,0,0,0,0,0,0,0,6,0
2eb7bfc53d68f178677754fac5aed9cb,0,0,0,0,0,0,0,0,6
99ed2e50a015207bc7ed142a2796f7e7,0,0,0,0,0,0,0,0,6
c50602fc008e3242c832e84afbdcb747,0,0,0,0,0,0,0,0,6
f647cc5cd861702586b8481fe23093a6,0,0,0,0,0,0,0,0,6
61b351a5388e765af5cb8c5f1068afad,5,0,0,0,0,0,0,0,0
a115ec6d82022c8f2903c95b346ccb73,5,0,0,0,0,0,0,0,0
79f117773adf503aa38a970e7c282c91,5,0,0,0,0,5,0,0,0
7243077c4c2f901929e56a80c46d9b3e,5,0,0,0,0,0,0,0,0
21889d626f0be589b824b53e03372cfb,5,0,0,0,0,0,0,0,0
ca0b4a9c79e436d25f42fbc890e675be,0,5,0,0,0,0,0,0,0
634504505223c2231c971488d7d6684d,0,5,0,0,0,0,0,0,0
60edc25f6a471be3ed54bc19922caf8f,0,5,0,0,0,0,0,0,0
37b60d9893b47fe5d64caf61febdb54a,0,5,0,0,0,0,0,0,0
21841caa57f559638f6c8020a594d0a3,0,5,0,0,0,0,0,0,0
1e67fefd71f042847ababf9de11d4f03,0,5,0,0,0,0,0,0,0
e3cf60167993f3c1d723efc403851da0,0,5,0,0,0,0,0,0,0
7d46ee75aa072e370f72decc0b2bf6f6,0,5,0,0,0,0,0,0,0
2a843d49813340fdf29d75f844c7bb02,0,5,0,0,0,0,0,0,0
94b3f260bed8b4d369a99c33ee9ec33f,0,5,0,0,0,0,0,0,0
73b8071886bae01ec39f928659aa15a2,0,5,0,0,0,0,0,0,0
9c9491f8387beab42efe53a91251852d,0,5,0,0,0,0,0,0,0
888f25b52930f41cebe177bdb28a9557,0,0,5,0,0,0,0,0,0
441b3b55b047968b6d0e33be4da73457,0,0,5,0,0,0,0,0,0
a8559e680bce983c09c01a88c8ecb6cd,0,0,5,0,0,0,0,0,0
877c9186797e8e8b1625f3d91cded670,0,0,5,0,0,0,0,0,0
c66269bacb297f72962f18109fc046ca,0,0,5,0,0,0,0,0,0
3dae200d037f3f185aa1488b85b3b51e,0,0,5,0,0,0,0,0,0
ab2beafaa27ccd00c08cdc3305ecf9bc,0,0,5,0,0,0,0,0,0
4a3775c552eed186a1ef94c6a2b3d4ff,0,0,5,0,0,0,0,0,0
7299debfc09657e4cb5994eb6c7d436c,0,0,5,0,0,0,0,0,0
953c347eb12739247cdeccee0efb58da,0,0,5,0,0,0,0,0,0
c89bc3f575bbdd9ecc4294bbd77c8fa8,0,0,5,0,0,0,0,0,0
5e38036dcd071532871dfb8eb62067c2,0,0,0,5,0,0,0,0,0
677394341cbdf27f639166c37dbb51b5,0,0,0,5,0,0,0,0,0
891f7d05af27ebc4599bdd115466bdfd,0,0,0,5,0,0,0,0,0
2ed4459d048e5a787ba315492f70a0e9,0,0,0,5,0,0,0,0,0
797ba1b76d67f8b0eeabaea247906955,0,0,0,5,0,0,0,0,0
b3ec99f4526316a27e3e825f7a8c1ade,0,0,0,5,0,0,0,0,0
d8abc863db5fb19ac6b97743aa20d57e,0,0,0,0,5,0,0,0,0
ab312c8a0a83f34f98e7034808b6b586,0,0,0,0,5,0,0,0,0
e466b23d52800fff39c0bb180a9aeafa,0,0,0,0,5,0,0,0,0
d86a39652d913b360ee58c372d7c304d,0,0,0,0,5,0,0,0,0
22a2b5ca4fa259c295f1fd7125bc3620,0,0,0,0,5,0,0,0,0
389d7bab71488f84b8ed68a606f29357,0,0,0,0,5,0,0,0,0
46c2b3b38d102971dcd314f298f4fe2a,0,0,0,0,5,0,0,0,0
5bd983e7c4e23d945e7b587e01270be9,0,2,0,0,0,0,5,0,0
e8595ce411b860eb434a0a124970df81,0,0,0,0,0,0,5,0,0
b5ede6981a327110130f5c3dc32adc54,0,0,0,0,0,0,5,0,0
d25af52bc994cbb5a356ea39cc74482b,0,0,0,0,0,0,0,5,0
ad0dc30c713d39973961292af1eda9da,0,0,0,0,0,0,0,5,0
d0e34730a3f6850dcfce85cff6c71cec,0,0,0,0,0,0,0,0,5
93d902bf1e3dadb4d93c24f4d6c96aa7,0,0,0,0,0,0,0,0,5
8c13615d5d239a00989ff27ee3e34215,4,0,0,0,0,0,0,0,0
f490d915d3a1d12ad124d9d551a8ba2d,4,0,0,0,0,0,0,0,0
6fce581f5408a48b4bb103a6d1433ca1,4,0,0,0,0,0,0,0,0
8890d2e33142a778b0891600ac8f2d03,4,0,0,0,0,0,0,0,0
b3fc43e25695e0865a8ea4e796f80d30,4,0,0,0,0,0,0,0,0
a2de2921894ddfca3856e7dcae467652,4,0,0,0,0,0,0,0,0
2592589655dd4eb14a99db9529d8cfe5,0,4,0,0,0,0,0,0,0
8679bf7b5caffce19b9eece7b97662c5,0,4,0,0,0,0,0,0,0
f3172fef627872b51c9a4291fa37d056,0,4,0,0,0,0,0,0,0
f822dd72892ee6031fd848208591dbb3,0,4,0,0,0,0,0,0,0
3d806d93df82169e96778ae62fca8188,0,4,0,0,0,0,0,0,0
7ba2f99b6e5d0c598c7c5ee572e04fe3,0,4,0,0,0,0,0,0,0
84f7e3d92d72153380277cfe313c522a,0,4,0,0,0,0,0,0,0
81cf3abd82c2000cd82a9c80b4695626,0,4,0,0,0,0,0,0,0
c6788d6b5de8822374fb156cdb63d3bc,0,4,0,0,0,0,0,0,0
f960586a8e2e2e476fcd8c0288d2a34b,0,4,0,0,0,0,0,0,0
06fac800ded50a0238e33567995c59ac,0,4,0,0,0,0,0,0,0
f705ad1a3c2dd63a93c8046647d42d72,0,4,0,0,0,0,0,0,0
1bb0294f4f4f41fcb7a5fd13e02dcfe0,0,0,4,0,0,0,0,0,0
7245d2c65fdf66a885375b8f25d45e93,0,0,4,2,0,0,0,0,0
5b0edbaee5dfbda9d31bed7d51b0984d,0,0,4,0,0,0,0,0,0
5beb9eec2ce5a5395a8922e0378e0d4e,0,0,4,0,0,0,0,0,0
77e42bcd95fb46338153c1effe5e540e,0,0,4,0,0,0,0,0,0
b86e612866813c2f1c8955534ebade41,0,0,4,0,0,0,0,0,0
90b79f3914edcfdbc333d72325598b98,0,0,4,0,0,0,0,0,0
0f04b31dfd382530462c355053b22aea,0,0,4,0,3,0,0,0,0
39939da16ec107cfcd200ad6d72cf41e,0,0,4,0,0,0,0,0,0
04016e07a68c2795a037d6df6bb4eb76,0,0,4,0,0,0,0,0,0
3c2212d7d2709f23d38350c5dcd49047,0,0,4,0,0,0,0,0,0
651507311dd51a0badbdee470dade4c7,0,0,4,0,0,0,0,0,0
49810ea80bc232a71eefc64a8f7dc563,0,0,4,0,0,0,0,0,0
e588d14f038cf008c455a4a25628086c,0,0,4,0,0,0,0,0,0
98e864c128515d39ae7326c21083b923,0,0,4,0,0,0,0,0,0
bda391affeaedd0538d27cc0384ff29e,0,0,4,0,0,0,0,0,0
3e7d95c7ec7d581de319e4d26e35b113,0,0,0,4,0,0,0,0,0
8d0581494bf4ca0b5e700c9f28afd8e0,0,0,0,4,0,0,0,0,0
e65dff7c80dc5a26ecaac89322d2e31a,0,0,0,4,0,0,0,0,0
05c851ebbd91617e30d49b0e5fc042dd,0,0,0,4,0,0,0,0,0
af61aaf84e61952d80cab2656931eac3,0,0,0,4,0,0,0,0,0
0b6e759d975f73ed2cc1497f8757164c,0,0,0,4,0,0,0,0,0
efddf61a2fa10c682ba47716df4e361d,0,0,0,4,0,0,0,0,0
9ca9f34f5e7b0e618d62ab768d81b4e3,0,0,0,4,0,0,0,0,0
0af323cb17bf463f98ad839fbf770a48,0,0,0,4,0,0,0,0,0
f87460773b8c4db062058e60de74b70f,0,0,0,0,4,0,0,0,0
8c6c25a102e63ca18c26012089bb7620,0,0,0,0,4,0,0,0,0
98f9f93eca3ec3c8012e3827e20b9455,0,0,0,0,4,0,0,0,0
00a5ab3879bda4420dfa95b0425da494,0,0,0,0,4,0,0,0,0
62dfb68f5e1514198a93844fde57cf8e,0,0,0,0,4,0,0,0,0
d2050a685e2e8d91aba41c508886d876,0,0,0,0,0,0,4,0,0
4e4ccaa5919cf5feff3d646b1d71fe8f,0,0,0,0,0,0,4,0,0
d9f2945136f81211d231d12a5b0c6102,0,0,0,0,0,0,4,0,0
ee603630aa3ae696de5242468a5b1524,0,0,0,0,0,0,4,0,0
28d0fdf308c5e0b8d21e4b22c90589db,0,0,0,0,0,0,4,0,0
ae16f6b60e5e889cd520aa3b62c0dd1e,0,0,0,0,0,0,0,4,0
034682fbe10b71330643151f8e64fff8,0,0,0,0,0,0,0,4,0
88eb45514a1fc7965e8e65e9734a8719,0,0,0,0,0,0,0,4,0
7156955c5e317fa7fac7042872dec185,0,0,0,0,0,0,0,4,0
7b816cdb2ac6198a561b3250d8e63f50,0,0,0,0,0,0,0,0,4
cf09f56ff8f849e950b0d94dbf346c90,0,0,0,0,0,0,0,0,4
b049111b2f993d4f4471624db9db0b00,0,0,0,0,0,0,0,0,4
74a9bc8a7bf101ea30c66f6f69a66497,0,0,0,0,0,0,0,0,4
0c18edd1057c57ee19853fd0e3945154,0,0,0,0,0,0,0,0,4
d0bfa0fabda6c77dc53e50a9a290b9af,0,0,0,0,0,0,0,0,4
96d64db2207a93b402af746fc908172f,0,0,0,0,0,0,0,0,4
c1709c693a14232c8350137866b3d946,0,0,0,0,0,0,0,0,4
fcb4cdd91e40d5a3520217ddeba53fb1,3,0,0,0,0,0,0,0,0
185afa5df1a8324767f8bfdebe75a177,3,0,0,0,0,0,0,0,0
797c0b2efedcc50ebd27580eb35885ec,3,0,0,0,0,0,0,0,0
18074bda6d50128c88b4f9eca60e5af3,3,0,0,0,0,0,0,0,0
1c25faff9be13a4836e365facbad9562,3,0,0,0,0,0,0,0,0
263effc26221fcc84db331b1174378b8,3,0,0,0,0,0,0,0,0
03334b50d4b6844bebb68a6bb17fdd66,3,0,0,0,0,0,0,0,0
6f0cc5e861cfcd7a56819f119aaa1310,3,0,0,0,0,0,0,0,0
e1baa6f6927808b4ed7975a56137bd4b,3,0,0,0,0,0,0,0,0
e29a062bfdb1e0458f6a7adea4a991cc,3,0,0,0,0,0,0,0,0
155300a4f09e9fd410197157a1f17642,0,3,0,0,0,0,0,0,0
99494ea52aaefd5f911ab9dd84b2df12,0,3,0,0,0,0,0,0,0
e53a11d9f4b7f9cf987d58ded85c1f64,0,3,0,0,0,0,0,0,0
dacc33ed096e9c18f35d337018bfc3cb,0,3,0,0,0,0,0,0,0
3508e3c215d5e5936d071ba7cf70218e,0,3,0,0,0,0,0,0,0
1e174b31ffc62518b08452e83dc90694,0,3,0,0,0,0,0,0,0
c356b29d90433c20df55fdca3a8b5c3d,0,3,0,0,0,0,0,0,0
df6fc09b520ccf58c6a5ce0fd5495539,0,3,0,0,0,0,0,0,0
6e23a618e50f7cba394907f510b01c97,0,3,0,0,0,0,0,0,0
49d1700169f2e4a9cd726c26d54452af,0,3,0,0,0,0,0,0,0
3a3ade53b2dde4af865087e84df0005f,0,3,0,0,0,0,0,0,0
b0f107eacb1e39e01073199baea27a69,0,3,0,0,0,0,0,0,0
cfefbb2dcda36a12c010c21701fc790c,0,3,0,0,0,0,0,0,0
2cc411f5570f812bc7e1d4f40b91d36f,0,3,0,0,0,0,0,0,0
8009f8b78cca829775ace45b63223426,0,3,0,0,0,0,0,0,0
cc823494d5484fcf3dffaa3e386b30c1,0,3,0,0,0,0,0,0,0
d1db2adbb1277710a3d6c07814657c40,0,3,0,0,0,0,0,0,0
67b96c709ecb22359325a9ba7b84c34c,0,3,0,0,0,0,0,0,0
1051765d8eea8a6a15dc9ce8ee2e4ab9,0,3,0,0,0,0,0,0,0
0e52931edff44fa6a0df5b70e6fb606b,0,3,0,0,0,0,0,0,0
06a1b9774b7df37b3ac6fd41492a472a,0,3,0,0,0,0,0,0,0
5ef7a14ec6783bf4f3fb0ce5cb3da23d,0,3,0,0,0,0,0,0,0
e7e6d256588b9553c8532c14064cd5de,0,3,0,0,0,0,0,0,0
887f83af1179047351183adfb60cdc6e,0,3,0,0,0,0,0,0,0
0f5ca7b850c8eab6f16ae041925b8b7a,0,3,0,0,0,0,0,0,0
b5f2dc6cca61c7156a101dbd46bc44db,0,3,0,0,0,0,0,0,0
65652afedcd72b5846cc925a0dbd198c,0,3,0,0,0,0,0,0,0
c6377b25884bfc8a8641f1c9aec14c3f,0,3,0,0,0,0,0,0,0
81846353eb21ed3f5b77df0d4cbdb29f,0,3,0,0,0,0,0,0,0
3e90692a5bfbf891dd3a87f4f15e102c,0,3,0,0,0,0,0,0,0
7cfc42a0b30286423516accb26c39e84,0,3,0,0,0,0,0,0,0
e2b47fad74ae9f430ce1c67adc8c2783,0,3,0,0,0,0,0,0,0
3d287e30a13555cb4d34bc3d67ac4709,0,3,0,0,0,0,0,0,0
6846c1f69f202643eea51941eab9ee3b,0,0,3,0,0,0,0,0,0
7405eea0c5956c1aa65f06cc4116141b,0,0,3,0,0,0,0,0,0
b48aa2968477f453135865651445d829,0,0,3,0,0,0,0,0,0
8458fa66b62d6930c630002600660af0,0,0,3,0,0,0,0,0,0
d9c9dccd1c44efc1dea542be186f4935,0,0,3,0,0,0,0,0,0
9549aae67f4c30e46f5a428ba1c7f258,0,0,3,0,0,0,0,0,0
73814cd989164c062524617e2941121d,0,0,3,0,0,0,0,0,0
9db0e73af755b31b6bf1da4b82da61b2,0,0,3,0,0,0,0,0,0
28e8f372e42355e2f2429c55d2756d2e,0,0,3,0,0,0,0,0,0
be71236c8ca2038bbecafa845b966910,0,0,3,0,0,0,0,0,0
5df59e4bf96793bec4a3760abef919bf,0,0,3,0,0,0,0,0,0
9835496b985a359481ab24ae8dbac081,0,0,3,0,0,0,0,0,0
6b875f3b9cccfa199ef20f6e8a811efc,0,0,3,0,0,0,0,0,0
5d5da0f181a19722e3922d7999935b49,0,0,3,0,0,0,0,0,0
1a1d39050db6e2ffd3653e8eb8e36649,0,0,3,0,0,0,0,0,0
de320b594c6bcf745918da4a610f077c,0,0,3,0,0,0,0,0,0
2acbe771edef77f5a6d3603c1a824e23,0,0,3,0,0,0,0,0,0
d8412fa53b83b69f1028bf2d706125df,0,0,3,0,0,0,0,0,0
bf47c80252c129ad1b6f2179d567b174,0,0,3,0,0,0,0,0,0
9df00835be2074d45559b71019e25903,0,0,3,0,0,0,0,0,0
ba469d14458843d43db3cf8321767798,0,0,3,0,0,0,0,0,0
e037835d3f703cc18ab079a44c1961a8,0,0,3,0,0,0,0,0,0
a2864a169c7a74b8da0871e6278c07e6,0,0,0,3,0,0,0,0,0
2471d6557de93a450e6e2a43b163699a,0,0,0,3,3,0,0,0,0
9a1a125085cd0167dc3560152a057987,0,0,0,3,0,0,0,0,0
0ea13f6c4436fe905bab562a5c557781,0,0,0,3,0,0,0,0,0
187ad41a451538a59fd8b768c5b4b021,0,0,0,3,0,0,0,0,0
3a15a15001cf1c2e4421525ea2a7fa31,0,0,0,3,0,0,0,0,0
b381d8e8fe8a44e5517b4aeb040770fe,0,0,0,3,0,0,0,0,0
13b98e32e530c38cdf399c87fce08ea7,0,0,0,3,0,0,0,0,0
5507f9e732d3b6a134bac94ff1e4b8a0,0,0,0,3,0,0,0,0,0
18cb902d7a6831cbc2da75552a0665f9,0,0,0,0,3,0,0,0,0
42b0a4e63f0216aa505fe96a3a78afcc,0,0,0,0,3,0,0,0,0
a1a18ffe5719a78ad2c0df48659b64a6,0,0,0,0,3,0,0,0,0
99b7cbdd86db2a95495608eff0ebf020,0,0,0,0,3,0,0,0,0
04777c2dde09647cd6bd36ccd200b856,0,0,0,0,3,0,0,0,0
1ca12e7e2dcc4023960cfc815a47db65,0,0,0,0,3,0,0,0,0
450d97983035e110f302732e007eb6f2,0,0,0,0,0,3,0,0,0
207d0e202bebf52dd1ad2efabccc2197,0,0,0,0,0,0,3,0,0
8038c7a13aa0b97dab28d4c7bfd8ede6,0,0,0,0,0,0,3,0,0
63df3245b21422b568e286ac0549722e,0,0,0,0,0,0,3,0,0
88812c01395fab59ddbb41a0a5778d62,0,0,0,0,0,0,3,0,0
f494a97b2fbaff5c2b66fc7609435457,0,0,0,0,0,0,3,0,0
731b11a94d84ef47a9afc59fe304c462,0,0,0,0,0,0,0,3,0
e0ddd6e1642af7a01f0482755982570d,0,0,0,0,0,0,0,0,3
e9a61417ef2f4bf19c010d0854aa534f,0,0,0,0,0,0,0,0,3
a028aae7b07f5df06a8cf36d5db2f73a,0,0,0,0,0,0,0,0,3
9c28446f365014aeba95751c3889123c,0,0,0,0,0,0,0,0,3
0fb4c58b4ba90c61bc3bc52ced36e9f3,0,0,0,0,0,0,0,0,3
27fd0fe869e71006ce7da5f9fa3de39e,0,0,0,0,0,0,0,0,3
496943efb44e5e54e50c396fbb666f3b,0,0,0,0,0,0,0,0,3
24ac0f14ad489c711b9853ea84726a3d,0,0,0,0,0,0,0,0,3
b8f6daf0e1807cfd829b9ff715cf155b,0,0,0,0,0,0,0,0,3
934e446c3c980cf7ae9625c2ffc79140,0,0,0,0,0,0,0,0,3
09e66d1672d47ac22dd953d80947ab89,0,0,0,0,0,0,0,0,3
125aec830009c2989c4e47dd89159049,0,0,0,0,0,0,0,0,3
48115402ead50506e111a65750fee222,0,0,0,0,0,0,0,0,3
8bee45969c6a954b46cdcce9e2a651d6,0,0,0,0,0,0,0,0,3
a5a83b84dcb2a85abb986095a4821d1d,2,0,0,0,0,0,0,0,0
305c297f19726317840207d207c3a011,2,0,0,0,0,0,0,0,0
4a5efe94b04cbae05dfa08b86aeb5b7f,2,0,0,0,0,0,0,0,0
4755554224305be2d100fcf3ce216625,2,0,0,0,0,0,0,0,0
36bfcf27f21ad6fd92c1c9e441ed2232,2,0,0,0,0,0,0,0,0
a2578d09bad95decafe4703bad0d4cf9,2,0,0,0,0,0,0,0,0
14567bb4a13a35c881b597f25dad9792,2,0,0,0,0,0,0,0,0
01273f7c7fa2f451c15f00bafb35c2e6,2,0,0,0,0,0,0,0,0
b2124814d9416b0095ec73a71da16a8d,2,0,0,0,0,0,0,0,0
02008307d30369fef626f30f89deada1,2,0,0,0,0,0,0,0,0
bb19055c1d587a10cc8b013f597eb209,2,0,0,0,0,0,0,0,0
8d4e2a8248434e954667ab6b4ae883ff,2,0,0,0,0,0,0,0,0
5a97c16bd08c107d574f36a76c1d628f,2,0,0,0,0,0,0,0,0
59fad43110f9a6b2b8ec070be1311578,2,0,0,0,0,0,0,0,0
254ad434bb2abc71eaa53939533650eb,2,0,0,0,0,0,0,0,0
4f500fa75db99eb598deaa37d974780b,2,0,0,0,0,0,0,0,0
49acb121a70083d399e09261c67c0674,2,0,0,0,0,0,0,0,0
5b9a958300b0e6ab90689fc76f476574,0,2,0,0,0,0,0,0,0
9734502e9a1df6d906f594da8e6de2f9,0,2,0,0,0,0,0,0,0
3ec67130fb2db5ed0536f24cc3001142,0,2,0,0,0,0,0,0,0
579e8b4abdd99e35ca7a776f4ffc2d7b,0,2,0,0,0,0,0,0,0
a361321b74d130aafb95c61bcbddf935,0,2,0,0,0,0,0,0,0
51dbc547c6dbc39ff1a49dd1a81298de,0,2,0,0,0,0,0,0,0
1e7d3cb1309e362799989ce3dc9e714d,0,2,0,0,0,0,0,0,0
595c14b2f014740a1aebf61f88b2655b,0,2,0,0,0,0,0,0,0
7bd5617470cc7a09a36cf2ede5abf27a,0,2,0,0,0,0,0,0,0
aa00ff9a730a7651a6de47959632cc25,0,2,0,0,0,0,0,0,0
5b9085b6c7a30d1ad4a5b5503bb02018,0,2,0,0,0,0,0,0,0
5295dc32cbe05a17370cdb5cc99159fa,0,2,0,0,0,0,0,0,0
38437630e9c335c3f762f27aa838732b,0,2,0,0,0,0,0,0,0
b337decebe1e131016f5ff39df4764ab,0,2,0,0,0,0,0,0,0
21fe2546cc02d81e5470fd32c5b54dfc,0,2,0,0,0,0,0,0,0
2d6b94efd35283b591f54a2efb2a86a9,0,2,0,0,0,0,0,0,0
93f3aa523d717eb2d928de5db78e44bb,0,2,0,0,0,0,0,0,0
ebd631e9919f7bc732447e3f86f339c5,0,2,0,0,0,0,0,0,0
b6da1452b5405915dbf869cbf335f703,0,2,0,0,0,0,0,0,0
56bb50932c6361b37a0d2421da2ef5b9,0,2,0,0,0,0,0,0,0
8b539e52166164a9d4e6db079a8092e4,0,2,0,0,0,0,0,0,0
e4596e3ccbb0b13491589ef881a76085,0,2,0,0,0,0,0,0,0
91593f5886fa3600a8c2541159297f36,0,2,0,0,0,0,0,0,0
14c758c73520192523f8cda7c406e541,0,2,0,0,0,0,0,0,0
467b1ac964f84b686c2ca776fb1178c8,0,2,0,0,0,0,0,0,0
7245976c0fa743a198921445ae110444,0,2,0,0,0,0,0,0,0
6dbbe00d6167f946a75b0c63f20d3256,0,2,0,0,0,0,0,0,0
e4fdfa4998c4c18901578b8e36b6eaca,0,2,0,0,0,0,0,0,0
a075a1b3c3b668fd6e9bf02e0f8b828a,0,2,0,0,0,0,0,0,0
1c94273b158d9b608217f628490d3e2b,0,2,0,0,0,0,0,0,0
74e97b26793dbcd749c22961ac687a8a,0,2,0,0,0,0,0,0,0
be8e1758baf53231092e8e0c7db00ed0,0,2,0,0,0,0,0,0,0
8e5ba40f4cceb9036b6b9bdfc5a4cc48,0,2,0,0,0,0,0,0,0
c3535976f2ff9836b9a2e2968567d5df,0,2,0,0,0,0,0,0,0
f17336265522cb49706461cdb64e716c,0,2,0,0,0,0,0,0,0
6f5fa1bed4b10fad728785ec0511386b,0,2,0,0,0,0,0,0,0
327e9ab0326696119b51e34097267459,0,0,2,0,0,0,0,0,0
df26268b748ca782f7e109aa9974ac09,0,0,2,0,0,0,0,0,0
5dd4686639e256990547667775d19289,0,0,2,0,0,0,0,0,0
d3a43902fe2dea2b1fd8b752bf838569,0,0,2,0,0,0,0,0,0
1378fd85408678040edcd33f865ae27a,0,0,2,0,0,0,0,0,0
95e28ccd9019eac0b3883f6542ce1f83,0,0,2,0,0,0,0,0,0
ec7d2cb59237d4141f3c1b5a7d3250b2,0,0,2,0,0,0,0,0,0
bbccc67608018c3c615f5d23a3dc5468,0,0,2,0,0,0,0,0,0
81e4d1a45df201988111068839281be7,0,0,2,0,0,0,0,0,0
da6a9013fb39be17149cc0c219f0411c,0,0,2,0,0,0,0,0,0
b7c177d6f1df154f1bbc29fc5af759ca,0,0,2,0,0,0,0,0,0
ec980a9b5a005414d4d043f64058feb4,0,0,2,0,0,0,0,0,0
c4c5ef5e6d55c1e9eed82a60d18d5653,0,0,2,0,0,0,0,0,0
ef231e980c0cb02dbdaa23fc100bed15,0,0,2,0,0,0,0,0,0
a46992e6125eb5f38b5bf3f36b69ff4a,0,0,2,0,0,0,0,0,0
2d894a64b249adfe4a0e824dd75bebbd,0,0,2,0,0,0,0,0,0
a3f6104343620571f08aed8ec23b8a13,0,0,2,0,0,0,0,0,0
69f5e50886a81100d0980bf6f9e9e45c,0,0,2,0,0,0,0,0,0
89a45da4f65860d71ced8c93512dc3cd,0,0,2,0,0,0,0,0,0
a6c18cdafac50f8720746e51135a102e,0,0,2,0,0,0,0,0,0
300251703e6bcc5ee503f4d322cb665a,0,0,2,0,0,0,0,0,0
fecb9900340b496144bdba53799f1568,0,0,2,0,0,0,0,0,0
947ff5a5a068c5ebd48ba9c929245a65,0,0,2,0,0,0,0,0,0
5d8a6041c6d1db426266f9334f964bc4,0,0,2,0,0,0,0,0,0
89e21f7e1c474f7234a52eddf088fe03,0,0,2,0,0,0,0,0,0
4d5959be6d13cb29c37016f3486e9e92,0,0,2,0,0,0,0,0,0
4bce1060919ee945cce34a34a2da0635,0,0,2,0,0,0,0,0,0
1ca6d721784aacda2caf985f2025d518,0,0,2,0,0,0,0,0,0
d17ad04273d74a531d398a15cb5f4aa1,0,0,2,0,0,0,0,0,0
db83bb80cd49259b4208f6afe605b7a3,0,0,2,0,0,0,0,0,0
8baba37c86025e58df56267713e6fa25,0,0,2,0,0,0,0,0,0
64873c985b54099a51bb3eac3ec83109,0,0,2,0,0,0,0,0,0
183ebf10f7d32a443c7d4bc9ec1671b2,0,0,2,0,0,0,0,0,0
fd5a25a153e2460183e22fbfc2c67494,0,0,0,2,0,0,0,0,0
d8ee26b380ce30942a6ce91d984f06b9,0,0,0,2,0,0,0,0,0
e69182b7fe3ae57fc2507e1e1795e23f,0,0,0,2,0,0,0,0,0
b0a704a56be4b6cd6eb2507d24dfee83,0,0,0,2,0,0,0,0,0
8696b49e16bfac0525902cda1f4cce98,0,0,0,2,0,0,0,0,0
3e40745ab1de52170122ddb1ea618865,0,0,0,2,0,0,0,0,0
49e980e99bb1156d28d0004108d18f60,0,0,0,2,0,0,0,0,0
922a1a2f198d471ac6250bccb675bb36,0,0,0,2,0,0,0,0,0
a4d50648fcf455ad0d7bd42c6892aa8b,0,0,0,2,0,0,0,0,0
213e91cd4e7f628ae7bd8d18d4dc8283,0,0,0,2,0,0,0,0,0
08ec16f234f15d5d5ee581e86344b536,0,0,0,2,0,0,0,0,0
17d8070ff851936ce13f4c978de21fb0,0,0,0,2,0,0,0,0,0
941f8f4772c582ba25084a1448270ce8,0,0,0,2,0,0,0,0,0
d681151d6dca7a649635acd55215672d,0,0,0,2,0,0,0,0,0
aa4ae870055eefdebb52db0c59174c66,0,0,0,2,0,0,0,0,0
177c6b88afc1b9602db1a7106702776e,0,0,0,2,0,0,0,0,0
5636fe2abf0784b439c541beac3e87e7,0,0,0,0,2,0,0,0,0
47464c9cca015decf5e41066b3bf65ae,0,0,0,0,2,0,0,0,0
87f3211d86a0eb87b24ad972fbd24a35,0,0,0,0,2,0,0,0,0
f22bf0285c1b0d63365de5ea09531db1,0,0,0,0,2,0,0,0,0
d5dd8eec666e31f721d43a42cfadbc7d,0,0,0,0,2,0,0,0,0
5041d29928c0ccd5146d79f54846ac31,0,0,0,0,2,0,0,0,0
950441a51020846ddc23bc7b7d8582c6,0,0,0,0,2,0,0,0,0
00a4975025f42148ff0f1808ebd0571b,0,0,0,0,2,0,0,0,0
c3e8137ea6530ceeb1dc69291c87ba4e,0,0,0,0,2,0,0,0,0
746015c1c559446d347b04c5938327f0,0,0,0,0,2,0,0,0,0
93bae540fd24b06d8969d2b704d7560c,0,0,0,0,2,0,0,0,0
951ff33b8733dbeb85b509d9a0df0bd9,0,0,0,0,2,0,0,0,0
d7bd2f5d7a67d96e2fa5767553aad059,0,0,0,0,0,2,0,0,0
ffd73692b0fa7d7fbb37fb708b26f933,0,0,0,0,0,2,0,0,0
b5c7f3174c337ac2e960550033c00925,0,0,0,0,0,2,0,0,0
89517996c3fddfafac6ae8ae04a676a2,0,0,0,0,0,0,2,0,0
73bb7f1391e09cada04090184794fb71,0,0,0,0,0,0,2,0,0
f8810d761b0fec56ba754041b8367fe7,0,0,0,0,0,0,2,0,0
4fa324f806f70c45282a00b3b401d6eb,0,0,0,0,0,0,2,0,0
129ed417ab7565f7ab48d0e4782a10af,0,0,0,0,0,0,2,0,0
78a8a8117ba6b99bfe0efd7508e67698,0,0,0,0,0,0,2,0,0
07025f2ca4e7bbf3d107c9c293652296,0,0,0,0,0,0,2,0,0
264985cfcab8637e2bf7835fc17ce37c,0,0,0,0,0,0,2,0,0
613d6fea84651b11bd1ef91ebf507bc5,0,0,0,0,0,0,2,0,0
ee5a2c551512568bda138269116b3780,0,0,0,0,0,0,2,0,0
47ae14d39f42ebbb4f13024bc072d19e,0,0,0,0,0,0,2,0,0
e6d9a66f07f9fc6745e7e8821966dd5e,0,0,0,0,0,0,0,2,0
ee49b580d483533f8496c051f725a00c,0,0,0,0,0,0,0,2,0
7d17c9f7f77e4ddcbc279b52b619faa4,0,0,0,0,0,0,0,2,0
e27347b513919c50e1aeafd5059e0640,0,0,0,0,0,0,0,2,0
f873ebd7ddb0ac2d0e5da64600a47d69,0,0,0,0,0,0,0,2,0
2485f3940b9d8f78e4e15a69e775ddd0,0,0,0,0,0,0,0,2,0
a99b1db62028a85d2a8b1932251adb26,0,0,0,0,0,0,0,2,0
71c74bc1cb8dcb6ea50901dde577a790,0,0,0,0,0,0,0,0,2
f7d3343ae55b068f683a13fe2dfd5594,0,0,0,0,0,0,0,0,2
49937aab3aa2b26c10cb2da9518a9a26,0,0,0,0,0,0,0,0,2
caf2fc1c789e26528f335c0339da570a,0,0,0,0,0,0,0,0,2
ebb072e0ba9dfc8da97caeb21d120050,0,0,0,0,0,0,0,0,2
69b8274d55cb79e124d469b6cfbb4b8f,0,0,0,0,0,0,0,0,2
fc11637dc1c0e288fa8026ecdae9b2f6,0,0,0,0,0,0,0,0,2
98bf9528cbfd9a2aed787ea99e577615,0,0,0,0,0,0,0,0,2
04c5957714575d00e8132521448fa7e8,0,0,0,0,0,0,0,0,2
c5b83caeca5853d2ad7b90a587c98139,0,0,0,0,0,0,0,0,2
fcf769718d56a5de4ca004471d2687ef,0,0,0,0,0,0,0,0,2
09982425e6e549e72a2d2cb273aa8959,0,0,0,0,0,0,0,0,2
